Rkt4_Time,Rkt4_Error_w,Rkt4_Error_q,Euler_Time,Euler_Error_w,Euler_Error_q,Verlet_Time,Verlet_Error_w,Verlet_Error_q,Buss_Time,Buss_Error_w,Buss_Error_q,Johnson_Time,Johnson_Error_w,Johnson_Error_q,Fincham_Time,Fincham_Error_w,Fincham_Error_q,Omelyan_Time,Omelyan_Error_w,Omelyan_Error_q,Mercury_Time,Mercury_Error_w,Mercury_Error_q,SPIRAL_L_Time,SPIRAL_L_Error_w,SPIRAL_L_Error_q,SPIRAL_Time,SPIRAL_Error_w,SPIRAL_Error_q,SPIRAL_L_Time2,SPIRAL_L_Error_w2,SPIRAL_L_Error_q2,Rkt_Time,Rkt_Error_w,Rkt_Error_q
0.09998999999999393,4.788833010424734e-14,2.9999583136654366e-14,0.09998999999999393,2.709645523640341e-6,1.0310808674199659e-5,0.09998999999999393,1.3548226082447823e-6,1.7797285548510546e-7,0.09998999999999393,2.69214853681406e-6,3.527634713491342e-7,0.09998999999999393,2.6921407933408487e-6,1.0608236769358423e-5,0.09998999999999393,3.087236429665897e-6,4.202119747793141e-7,0.09998999999999393,6.682893640542737e-11,4.8548037515260084e-11,0.09998999999999393,2.6544501018630206e-6,8.559168711810237e-7,0.09998999999999393,5.647696158753416e-14,2.937303589887199e-11,0.09998999999999393,7.019566952897518e-14,2.3443601975122673e-11,0.09998999999999393,1.6810885515813026e-11,2.923554946434536e-11,0.0,1.1232595164407832e-31,0.0
0.19998000000005922,6.744651363992706e-13,3.5007411705400817e-13,0.19998000000005922,2.7899868007324094e-6,1.9821250840559125e-5,0.19998000000005922,1.3949754555859035e-6,5.829708793681437e-7,0.19998000000005922,3.0645667805499713e-6,1.1484733034399198e-6,0.19998000000005922,3.064560552512219e-6,2.0823188295671675e-5,0.19998000000005922,3.937353069592126e-6,1.361978357526196e-6,0.19998000000005922,5.45088745443023e-11,1.13390293887343e-10,0.19998000000005922,3.992940795578598e-6,3.647465896699831e-6,0.19998000000005922,6.718545061665509e-13,4.7422584557684466e-11,0.19998000000005922,6.726841825532739e-13,4.123551768964512e-11,0.19998000000005922,3.49100461713431e-11,4.9052209026258684e-11,0.10050251256281408,9.504906634414034e-31,0.0
0.2999700000001592,9.692651988874197e-13,1.3791718210348285e-12,0.2999700000001592,4.182636535714093e-6,2.9147832254714574e-5,0.2999700000001592,2.0913131950034655e-6,1.1194374135988575e-6,0.2999700000001592,2.5519632049358852e-6,2.3333646891376023e-6,0.2999700000001592,2.551995990098499e-6,3.076629848545187e-5,0.2999700000001592,4.950005597244409e-6,3.0068235967646672e-6,0.2999700000001592,7.77403387852417e-11,2.962395602663692e-10,0.2999700000001592,1.1919234166606938e-5,1.26460336879467e-5,0.2999700000001592,1.003255678215071e-12,6.61587158725191e-11,0.2999700000001592,9.943209795470602e-13,9.774428876213211e-11,0.2999700000001592,5.846291220863083e-11,8.212393580458787e-11,0.20100502512562815,2.0721522630525295e-30,0.0
0.3999600000002592,8.656298056776094e-13,2.823768710826226e-12,0.3999600000002592,4.403857064125837e-6,3.848590603103171e-5,0.3999600000002592,2.2019536403417687e-6,2.812630049282552e-6,0.3999600000002592,3.4595618546800148e-6,3.4216448915776747e-6,0.3999600000002592,3.4596235837842292e-6,4.122410433118203e-5,0.3999600000002592,5.197918607036885e-6,5.291130301846077e-6,0.3999600000002592,7.592712420926317e-11,7.284921695762602e-10,0.3999600000002592,3.670729120833078e-5,4.4828465879993395e-5,0.3999600000002592,8.740620643636946e-13,8.368933011643246e-11,0.3999600000002592,8.791299013379867e-13,1.9991971664825887e-10,0.3999600000002592,7.69172895401666e-11,1.5090222550594045e-10,0.3015075376884422,1.6518937961890063e-29,0.0
0.4999500000003592,3.021826170641038e-13,4.0970922243316404e-12,0.4999500000003592,6.479942766890354e-6,5.0295611197979494e-5,0.4999500000003592,3.239804102571683e-6,4.868146977748432e-6,0.4999500000003592,3.078304072820344e-6,4.9300686831518955e-6,0.4999500000003592,3.0784437286056593e-6,5.0501394154534454e-5,0.4999500000003592,8.972876265903442e-6,7.001498162663276e-6,0.4999500000003592,1.429029175935473e-10,1.418110935936381e-9,0.4999500000003592,7.016026511390012e-5,0.00010701393436519772,0.4999500000003592,2.6254655928204443e-13,8.041935736552243e-11,0.4999500000003592,2.819655346215532e-13,3.661090616059598e-10,0.4999500000003592,1.339084338734308e-10,2.3872045395282966e-10,0.4020100502512563,4.345037193222341e-29,0.0
0.5999399999999044,1.4220012372913678e-12,2.159667169068004e-12,0.5999399999999044,9.888309620998659e-6,6.881545956645233e-5,0.5999399999999044,4.943847611419567e-6,5.1487201286235455e-6,0.5999399999999044,2.7852149404810525e-6,4.642935451962903e-6,0.5999399999999044,2.7853563182266772e-6,6.456183936483726e-5,0.5999399999999044,1.0603165430977297e-5,8.165313497717912e-6,0.5999399999999044,2.1632110935685295e-10,2.9209271185164985e-9,0.5999399999999044,0.00013688784929394608,0.00019382999429111235,0.5999399999999044,1.4210782845364821e-12,7.274824759161304e-11,0.5999399999999044,1.4454762296628343e-12,5.050676558516289e-10,0.5999399999999044,2.0475028197754289e-10,3.084584955908196e-10,0.5025125628140703,1.2247512941032047e-28,0.0
0.6999299999994494,2.733044812819511e-12,1.1665180883862503e-11,0.6999299999994494,1.327334228712188e-5,8.302924579215999e-5,0.6999299999994494,6.63608578193288e-6,6.2774404782899325e-6,0.6999299999994494,3.077937042894273e-6,1.94349696602716e-6,0.6999299999994494,3.078221371362073e-6,7.730679098084058e-5,0.6999299999994494,1.1908517051579756e-5,1.2711249609379145e-5,0.6999299999994494,3.0764090218738004e-10,5.736981494937516e-9,0.6999299999994494,0.0001325663044186271,0.0004675061622953953,0.6999299999994494,2.6703030484731346e-12,9.780138826561289e-11,0.6999299999994494,2.732292837269249e-12,4.89501602106929e-10,0.6999299999994494,2.9670236942632024e-10,3.468975613091522e-10,0.6030150753768844,3.38601639618495e-28,0.0
0.7999199999989943,3.0895330156681258e-12,2.282622957533022e-11,0.7999199999989943,1.622652090867581e-5,9.536047862093272e-5,0.7999199999989943,8.112154850389845e-6,4.801512487234638e-6,0.7999199999989943,2.922737076932138e-6,1.9871773513808717e-6,0.7999199999989943,2.9231455493859658e-6,8.562512023853038e-5,0.7999199999989943,1.5448805028985336e-5,1.8805228893703098e-5,0.7999199999989943,4.185881750034674e-10,9.50642618360482e-9,0.7999199999989943,6.389000571443759e-5,0.0005022786325595038,0.7999199999989943,3.0233024775753938e-12,1.4384248829404994e-10,0.7999199999989943,3.085716359565627e-12,4.1185138361956067e-10,0.7999199999989943,4.09508529292047e-10,3.0854800671679086e-10,0.7035175879396985,4.6661338819705365e-28,0.0
0.8999099999985393,3.1496832678730694e-12,3.495954780061137e-11,0.8999099999985393,1.602345995091885e-5,9.573878036033857e-5,0.8999099999985393,8.011126251493921e-6,7.865893718331378e-6,0.8999099999985393,2.999756371029292e-6,4.712023214458092e-6,0.8999099999985393,3.0004802028769805e-6,9.442927382763082e-5,0.8999099999985393,2.2515649449844784e-5,2.4597188652797558e-5,0.8999099999985393,4.772732904392445e-10,1.4543801481790197e-8,0.8999099999985393,0.0001566665082937677,0.0004938860635036612,0.8999099999985393,3.0757474460391553e-12,1.3314276242846632e-10,0.8999099999985393,3.2075060988940564e-12,6.619785472844075e-10,0.8999099999985393,4.7140914922027e-10,4.6213057316479896e-10,0.8040201005025126,9.229765478082031e-28,0.0
0.9998999999980842,3.5519585474268747e-12,4.969023066734202e-11,0.9998999999980842,2.6910510605636208e-5,0.0001239953499486702,0.9998999999980842,1.3452765952914451e-5,1.6004830132168627e-5,0.9998999999980842,3.6545891347027293e-6,3.904704291716411e-6,0.9998999999980842,3.655722547012296e-6,0.00010735203101596109,0.9998999999980842,3.0346629740120836e-5,3.482293898852328e-5,0.9998999999980842,7.413081572208018e-10,2.2329132466298202e-8,0.9998999999980842,0.00017162669888773862,0.0010327179933727363,0.9998999999980842,3.4416404974324416e-12,1.6001875432567434e-10,0.9998999999980842,3.6259771996684636e-12,9.566597076551785e-10,0.9998999999980842,7.322131740920311e-10,7.246116097094329e-10,0.9045226130653267,1.4957587058836612e-27,0.0
1.0998899999987382,1.8041206533456626e-12,3.7433986050115895e-11,1.0998899999987382,2.8803500500833302e-5,0.000142076159941311,1.0998899999987382,1.4397064238537229e-5,1.1713851437892523e-5,1.0998899999987382,2.9478196311375985e-6,2.048858381184277e-6,1.0998899999987382,2.948953621171836e-6,0.00011841804996593378,1.0998899999987382,2.7960825439981795e-5,3.8748489685907236e-5,1.0998899999987382,9.479869778411535e-10,3.3141161683327386e-8,1.0998899999987382,7.421986448856778e-5,0.0011791182894157625,1.0998899999987382,1.6180868719328703e-12,1.8646567426088695e-10,1.0998899999987382,1.7934480233380072e-12,6.776479876103103e-10,1.0998899999987382,9.413249964317155e-10,6.122707137157878e-10,1.0050251256281406,1.5428161077728412e-27,0.0
1.1998799999993932,7.052500630326819e-13,2.160775378038856e-11,1.1998799999993932,3.967012507474462e-5,0.00014241488646449265,1.1998799999993932,1.9828195364220793e-5,2.0332460223369994e-5,1.1998799999993932,3.6903371390831716e-6,5.77696663802625e-6,1.1998799999993932,3.6922887311751076e-6,0.0001296085359036391,1.1998799999993932,4.276679455973684e-5,4.860687632922948e-5,1.1998799999993932,1.322417276175713e-9,4.587305065481953e-8,1.1998799999993932,0.00028036532593436265,0.0014314817073438027,1.1998799999993932,7.330740449596648e-13,1.9916177848719e-10,1.1998799999993932,6.383535825704486e-13,1.1474910278249997e-9,1.1998799999993932,1.3146569727744184e-9,1.0406998904274235e-9,1.1055276381909547,1.987688945333573e-27,0.0
1.2998700000000483,8.909369357338022e-13,2.6259102513303736e-12,1.2998700000000483,4.253397779481195e-5,0.0001858573557216292,1.2998700000000483,2.1258538088972345e-5,2.520139762257162e-5,1.2998700000000483,3.4888033693038563e-6,7.111514322965317e-7,1.2998700000000483,3.491197393475396e-6,0.00014213581584266713,1.2998700000000483,4.828121743734695e-5,6.249650278084409e-5,1.2998700000000483,1.482425050234407e-9,6.536062870883075e-8,1.2998700000000483,0.0001895812203717868,0.00199440817519085,1.2998700000000483,1.0368411417474413e-12,2.617098980158111e-10,1.2998700000000483,8.810514884126689e-13,1.119467823963396e-9,1.2998700000000483,1.4756455924742905e-9,1.560511287891644e-9,1.2060301507537687,4.6135804408620706e-27,0.0
1.3998600000007033,1.905594686769648e-12,2.0100664626899183e-11,1.3998600000007033,4.525845477222902e-5,0.0001733438505803185,1.3998600000007033,2.261836547903217e-5,2.4750841670682472e-5,1.3998600000007033,3.2376879996830467e-6,5.13117409776367e-6,1.3998600000007033,3.2404787247985823e-6,0.0001488296434775175,1.3998600000007033,5.2147404688964117e-5,7.300525571463398e-5,1.3998600000007033,1.6773144608054354e-9,8.477545769921203e-8,1.3998600000007033,0.0002658870941179102,0.0021314596669481938,1.3998600000007033,2.0130495349189254e-12,2.54521657252022e-10,1.3998600000007033,1.7870464128312108e-12,1.1326221489275118e-9,1.3998600000007033,1.6714595217555588e-9,1.5193430034764097e-9,1.306532663316583,9.147558493619835e-27,0.0
1.4998500000013584,2.9777305009960603e-12,4.76410400856926e-11,1.4998500000013584,5.38502092665337e-5,0.00021932219774110974,1.4998500000013584,2.6908631588037526e-5,3.309452351240043e-5,1.4998500000013584,3.3271237725439266e-6,9.97007056163872e-7,1.4998500000013584,3.330628828492091e-6,0.00016413074135387178,1.4998500000013584,6.062740499754604e-5,8.530440947930082e-5,1.4998500000013584,2.1569444920340708e-9,1.14976887654065e-7,1.4998500000013584,0.0002071632566451168,0.003104755729337458,1.4998500000013584,2.9617225095346325e-12,3.305437153198643e-10,1.4998500000013584,2.669190322946914e-12,1.247861202919499e-9,1.4998500000013584,2.151318296948048e-9,2.2636250259707192e-9,1.407035175879397,1.0643571570613264e-26,0.0
1.5998400000020134,4.063209970484918e-12,7.567839906365944e-11,1.5998400000020134,6.856409526849576e-5,0.00021620156220482866,1.5998400000020134,3.42547838538357e-5,4.2361471744933444e-5,1.5998400000020134,3.650495280444041e-6,6.457323164612081e-6,1.5998400000020134,3.655100480169103e-6,0.00016875192960577893,1.5998400000020134,7.402888600585986e-5,0.000110395374229902,1.5998400000020134,2.9883966987693946e-9,1.4384236014575315e-7,1.5998400000020134,0.0003430890064544551,0.0034320780415334536,1.5998400000020134,4.168252534639278e-12,4.059402945537639e-10,1.5998400000020134,3.904152473031408e-12,1.6602198972131523e-9,1.5998400000020134,2.982541242457075e-9,2.8477757803228685e-9,1.5075376884422111,1.4057995761491042e-26,0.0
1.6998300000026685,5.02288210745371e-12,1.1043562876963532e-10,1.6998300000026685,7.769925524841377e-5,0.00026066343154605254,1.6998300000026685,3.880967667291197e-5,3.7544208810583345e-5,1.6998300000026685,3.5762233888675984e-6,1.5078222836018502e-6,1.6998300000026685,3.5815426906646553e-6,0.00018466210989996916,1.6998300000026685,8.07500404969472e-5,0.00011292445272056876,1.6998300000026685,3.684557301975838e-9,1.8622883815951164e-7,1.6998300000026685,0.00010067700071203926,0.004360008423188645,1.6998300000026685,5.312569635856667e-12,4.043345285723915e-10,1.6998300000026685,5.0598658626929984e-12,1.1914014820113408e-9,1.6998300000026685,3.679173224361745e-9,2.691537238652867e-9,1.6080402010050252,4.58985298394722e-27,0.0
1.7998200000033235,5.646879494618755e-12,1.4861349936750304e-10,1.7998200000033235,7.331291778481629e-5,0.0002483129843565693,1.7998200000033235,3.661711399546542e-5,5.031182424710418e-5,1.7998200000033235,3.1373725255347382e-6,4.548271210814442e-6,1.7998200000033235,3.1430609891483145e-6,0.00019547672988693622,1.7998200000033235,8.093589527437029e-5,0.00013523538148337884,1.7998200000033235,3.5255261205958012e-9,2.3423263663769535e-7,1.7998200000033235,0.0004998689216107785,0.005121535968981752,1.7998200000033235,5.4630845902480705e-12,4.375988221740487e-10,1.7998200000033235,5.2123101368565004e-12,1.641737381198988e-9,1.7998200000033235,3.521078463944228e-9,3.4976203799467968e-9,1.7085427135678393,5.264809770025304e-27,0.0
1.8998100000039786,6.727410754039678e-12,1.8707501215132675e-10,1.8998100000039786,9.53443301488615e-5,0.00029331336384273693,1.8998100000039786,4.760370480981398e-5,5.080346450460563e-5,1.8998100000039786,3.513535146578589e-6,3.3639606766253623e-6,1.8998100000039786,3.520824253577579e-6,0.00020497801068714212,1.8998100000039786,9.862320808709075e-5,0.00014364756540593778,1.8998100000039786,5.043307729588248e-9,2.872697394922901e-7,1.8998100000039786,0.00027768281446633564,0.0056404113244256,1.8998100000039786,7.199613502911854e-12,5.242841542735726e-10,1.8998100000039786,6.94987909948358e-12,1.4861347165952343e-9,1.8998100000039786,5.038593071610287e-9,3.268107551528617e-9,1.8090452261306533,8.577939290292044e-27,0.0
1.9998000000046336,7.792334168565004e-12,2.3567780861604264e-10,1.9998000000046336,0.00011024414887786282,0.0003465873090913824,1.9998000000046336,5.5034057227635556e-5,6.334248590728907e-5,1.9998000000046336,3.725672663704174e-6,8.492747199647828e-7,1.9998000000046336,3.7347838197779134e-6,0.00021835141276107866,1.9998000000046336,0.00011562947151900276,0.00018776736468802897,1.9998000000046336,6.0340243400331204e-9,3.602350435821355e-7,1.9998000000046336,0.0002192960008113889,0.00667105681778858,1.9998000000046336,7.893382723597764e-12,6.375295451912615e-10,1.9998000000046336,7.655174179135222e-12,1.6497751016338103e-9,1.9998000000046336,6.029249799286768e-9,5.602775861032455e-9,1.9095477386934674,7.225542472213832e-27,0.0
2.0997900000052887,8.473354597362538e-12,2.8155077161187226e-10,2.0997900000052887,0.00011639858702408899,0.0003301149936610005,2.0997900000052887,5.809382138917011e-5,8.064986860960915e-5,2.0997900000052887,3.5896321676899945e-6,4.692854400203599e-6,2.0997900000052887,3.5998340818118193e-6,0.00022776724908957457,2.0997900000052887,0.00012276306742918142,0.00021917445760389747,2.0997900000052887,6.639721993990586e-9,4.330013796169254e-7,2.0997900000052887,0.0005991925971975966,0.008413878582149675,2.0997900000052887,8.261345611908553e-12,6.646058794128882e-10,2.0997900000052887,8.045483046827991e-12,2.1802115700496135e-9,2.0997900000052887,6.635309022335702e-9,6.938532248675452e-9,2.0100502512562812,2.0371277319365998e-26,0.0
2.1997800000059438,9.271313963541863e-12,3.279863028347832e-10,2.1997800000059438,0.00012842995242071207,0.0003461175607163171,2.1997800000059438,6.408068251720787e-5,8.607287403956819e-5,2.1997800000059438,3.602703259097219e-6,6.388736647105005e-6,2.1997800000059438,3.6144642188128127e-6,0.00023542426664759731,2.1997800000059438,0.00013471739651811217,0.0002501817235934327,2.1997800000059438,7.677158070369013e-9,5.145304091266241e-7,2.1997800000059438,0.000506803057651765,0.008853018794035014,2.1997800000059438,9.029664844894428e-12,7.38193747173614e-10,2.1997800000059438,8.82430806357487e-12,2.2455600590024534e-9,2.1997800000059438,7.672906098442518e-9,7.320514581702941e-9,2.1105527638190953,2.0057640398294515e-26,0.0
2.299770000006599,1.0260705182769158e-11,3.848567580008806e-10,2.299770000006599,0.00014676047274039954,0.000437533340284705,2.299770000006599,7.320117759701562e-5,9.325614457940627e-5,2.299770000006599,3.7385402018400906e-6,3.5870439322674615e-6,2.299770000006599,3.752421146355582e-6,0.0002491675930957223,2.299770000006599,0.00015208276025060322,0.00024373662113203086,2.299770000006599,9.227477547573834e-9,6.201206232618259e-7,2.299770000006599,0.0002773267226943082,0.00939434130102409,2.299770000006599,1.0369677676178123e-11,9.110551075537856e-10,2.299770000006599,1.0128932400055217e-11,2.0897043743427207e-9,2.299770000006599,9.223207998931578e-9,7.259183975695854e-9,2.2110552763819094,1.9380070510467886e-26,0.0
2.399760000007254,1.0557336750222346e-11,4.4319271678405404e-10,2.399760000007254,0.00014901982679515807,0.0004396180683080195,2.399760000007254,7.429636373765596e-5,8.749633654763095e-5,2.399760000007254,3.444456235800722e-6,1.736574487612396e-6,2.399760000007254,3.4588759066488786e-6,0.00026109193805435346,2.399760000007254,0.00015295543203373445,0.0002636629516064353,2.399760000007254,9.879818551016053e-9,7.349499980175329e-7,2.399760000007254,8.700559895626433e-5,0.01253191668185799,2.399760000007254,1.164312887207888e-11,8.893759152314222e-10,2.399760000007254,1.1334392671066769e-11,1.75127495894915e-9,2.399760000007254,9.876040056201852e-9,7.365408391243845e-9,2.3115577889447234,5.523404825328366e-26,0.0
2.499750000007909,1.1030811539578009e-11,5.097055809668263e-10,2.499750000007909,0.00015143812720055485,0.0004726365970771175,2.499750000007909,7.548960207743911e-5,0.00010869687771843895,2.499750000007909,3.2950472173334327e-6,1.0496189250156727e-6,2.499750000007909,3.3108695687327505e-6,0.0002736537804731458,2.499750000007909,0.00015811983838976773,0.00030667176508604314,2.499750000007909,1.0215982973377776e-8,8.733121794783093e-7,2.499750000007909,0.0003752517018488953,0.014095992665442075,2.499750000007909,1.0692647402495131e-11,9.922207885580922e-10,2.499750000007909,1.0388068501405582e-11,2.169424001180841e-9,2.499750000007909,1.021244583308805e-8,1.0341454304871565e-8,2.4120603015075375,8.448215099809735e-26,0.0
2.599740000008564,1.1991701412820977e-11,5.743610028332026e-10,2.599740000008564,0.0001760406717281653,0.00046400880821482197,2.599740000008564,8.770136267756933e-5,0.00010926886487949955,2.599740000008564,3.4665167470773494e-6,2.1922911155283735e-6,2.599740000008564,3.4849932156478783e-6,0.00028557133122183905,2.599740000008564,0.00018003167213660756,0.000351064420537045,2.599740000008564,1.259658713528513e-8,1.0198816005249998e-6,2.599740000008564,0.0006210337331424457,0.01621652813121448,2.599740000008564,1.3408929423074274e-11,9.693942124072708e-10,2.599740000008564,1.3046717664438003e-11,2.1181260465736702e-9,2.599740000008564,1.259301142429346e-8,1.0541274380899726e-8,2.512562814070352,1.07714422050111e-25,0.0
2.699730000009219,1.3271313400366417e-11,6.389609783186544e-10,2.699730000009219,0.00020271157246275526,0.0004922443234891352,2.699730000009219,0.00010095614364548499,0.00012883096839083182,2.699730000009219,3.7332059836004e-6,3.7954592329239603e-6,2.699730000009219,3.7556395753586513e-6,0.00029271834606674614,2.699730000009219,0.00020740588450835612,0.00043177804893654336,2.699730000009219,1.48995049719369e-8,1.177145348463048e-6,2.699730000009219,0.0007671797735914832,0.016397473300986544,2.699730000009219,1.3282699504407193e-11,1.055898814299808e-9,2.699730000009219,1.2892898132266355e-11,2.490563281650108e-9,2.699730000009219,1.4895794333797338e-8,1.4010837056355443e-8,2.613065326633166,3.7614174333783583e-26,0.0
2.799720000009874,1.3593429230643638e-11,7.117223170042866e-10,2.799720000009874,0.00020694970993510983,0.000532043162989972,2.799720000009874,0.00010302595067813783,0.00015209325347019284,2.799720000009874,3.554887713473069e-6,4.657006031474178e-6,2.799720000009874,3.5787881821694753e-6,0.0003045236580921155,2.799720000009874,0.00021189486513907438,0.0004585025261553484,2.799720000009874,1.568570443010763e-8,1.362966193302212e-6,2.799720000009874,0.0009336035163291789,0.020092215144168032,2.799720000009874,1.2602531794712846e-11,1.1663949540143543e-9,2.799720000009874,1.2163853463910675e-11,2.8757881968247683e-9,2.799720000009874,1.5682309131964584e-8,1.5919059555200025e-8,2.71356783919598,3.0455622345581485e-26,0.0
2.899710000010529,1.419330955655986e-11,7.868007948202845e-10,2.899710000010529,0.0002202375701228713,0.0005629825106532877,2.899710000010529,0.00010958824768880802,0.0001629375156137716,2.899710000010529,3.5219082360657267e-6,4.63217265388875e-6,2.899710000010529,3.548226585236012e-6,0.00031553387299016524,2.899710000010529,0.00022471230308477048,0.0005001830936249577,2.899710000010529,1.7267327920040365e-8,1.5676196447428633e-6,2.899710000010529,0.0009911846052850022,0.022132561285465195,2.899710000010529,1.3225196822906863e-11,1.2425079846154726e-9,2.899710000010529,1.2867293905865005e-11,2.941365217148156e-9,2.899710000010529,1.7264052524964665e-8,1.7276117518983118e-8,2.814070351758794,4.231805099288739e-26,0.0
2.999700000011184,1.4348496297559669e-11,8.61295221506385e-10,2.999700000011184,0.00024869061484426223,0.0005883045389840737,2.999700000011184,0.00012367498008274702,0.00016912688294711372,2.999700000011184,3.6970459650767527e-6,4.203884016346946e-6,2.999700000011184,3.7275726583477615e-6,0.0003254443800984223,2.999700000011184,0.0002520439972573683,0.0005788256298142627,2.999700000011184,2.0219187733584167e-8,1.7921363744903065e-6,2.999700000011184,0.0009696449255939537,0.021625009667625435,2.999700000011184,1.3865089292468561e-11,1.303345212165764e-9,2.999700000011184,1.3409192503315792e-11,2.9768010082363157e-9,2.999700000011184,2.021580503525934e-8,1.993466417197179e-8,2.9145728643216082,3.6149416788671626e-26,0.0
3.0996900000118393,1.3673935912205524e-11,9.381630231933473e-10,3.0996900000118393,0.00026190715783249075,0.0006295802963266447,3.0996900000118393,0.00013016033251741347,0.00016909359757986587,3.0996900000118393,3.617567962465348e-6,2.3941746507770672e-6,3.0996900000118393,3.6504078443845634e-6,0.0003406129451911028,3.0996900000118393,0.0002643770332676996,0.0005744882592447424,3.0996900000118393,2.2114825773183646e-8,2.054660147131722e-6,3.0996900000118393,0.0007060794246757401,0.026192457400447556,3.0996900000118393,1.5627216557673376e-11,1.4035537510608487e-9,3.0996900000118393,1.5158462275546683e-11,2.630958349666675e-9,3.0996900000118393,2.211151241234399e-8,1.82446422399168e-8,3.0150753768844223,6.582996399133814e-26,0.0
3.1996800000124943,1.1174934854239397e-11,1.006066685380681e-9,3.1996800000124943,0.00022133015958513604,0.000701783004437113,3.1996800000124943,0.00010996022227764832,0.00018877016204205677,3.1996800000124943,2.9064984792932205e-6,1.3986640049062106e-6,3.1996800000124943,2.935821368319637e-6,0.0003504998789139802,3.1996800000124943,0.00022476831518498025,0.0005817340437216611,3.1996800000124943,1.8970311961460432e-8,2.331612102065122e-6,3.1996800000124943,0.0007488338184734537,0.027472401849649976,3.1996800000124943,1.5338749678184007e-11,1.5844025090803932e-9,3.1996800000124943,1.4941011121967585e-11,2.7477341097542784e-9,3.1996800000124943,1.8967710882566315e-8,1.9956254574142895e-8,3.1155778894472363,6.729029266794998e-26,0.0
3.2996700000131494,1.2903432714943777e-11,1.062078932527394e-9,3.2996700000131494,0.000302954931125878,0.000781229717667718,3.2996700000131494,0.00015037623862991352,0.00020374881366894934,3.2996700000131494,3.6841716217533398e-6,1.3655319563564416e-6,3.2996700000131494,3.7246108468766385e-6,0.00036000105477853364,3.2996700000131494,0.00030372975620387863,0.000620973429139599,3.2996700000131494,2.7110137008725435e-8,2.616765688045338e-6,3.2996700000131494,0.00028175210749116183,0.029788412311552055,3.2996700000131494,1.4636174601133482e-11,1.7858381188743863e-9,3.2996700000131494,1.4175788977569974e-11,2.728205457678691e-9,3.2996700000131494,2.7106948711450894e-8,2.114032041295802e-8,3.2160804020100504,5.208609881099921e-26,0.0
3.3996600000138044,1.1956830335236565e-11,1.1215683184916033e-9,3.3996600000138044,0.00030657897303084487,0.0008491839007846993,3.3996600000138044,0.0001520937229120255,0.0002335177927881152,3.3996600000138044,3.5268031397256526e-6,3.498174896228572e-6,3.3996600000138044,3.5693515359707397e-6,0.00036889971606859,3.3996600000138044,0.0003064146629715081,0.0006804716974882995,3.3996600000138044,2.803792643093664e-8,2.9471431501784565e-6,3.3996600000138044,0.0004069629856355739,0.034403573955676545,3.3996600000138044,1.3659272396158245e-11,1.946577649380307e-9,3.3996600000138044,1.3257648403674092e-11,3.2358837414645964e-9,3.3996600000138044,2.8034909807023237e-8,2.495058289878386e-8,3.3165829145728645,4.847683522099558e-26,0.0
3.4996500000144595,9.954286136346273e-12,1.1730261088190174e-9,3.4996500000144595,0.0002799819628416431,0.0007923640566483668,3.4996500000144595,0.0001388140429674069,0.00022871048626120746,3.4996500000144595,3.0442372796293076e-6,4.81244258684427e-6,3.4996500000144595,3.084436160171363e-6,0.0003790562836599019,3.4996500000144595,0.000279682500211113,0.0007576076484420698,3.4996500000144595,2.6208189818841877e-8,3.2952528533579286e-6,3.4996500000144595,0.0009686288134155863,0.03382422544926875,3.4996500000144595,1.5706398704933346e-11,1.76119746808732e-9,3.4996500000144595,1.5228722493279934e-11,3.115591662061365e-9,3.4996500000144595,2.620563945707067e-8,2.2625150062697075e-8,3.4170854271356785,9.448684630256779e-26,0.0
3.5996400000151145,9.458558615824817e-12,1.2331184305296049e-9,3.5996400000151145,0.00028244589954303575,0.0008046039911313503,3.5996400000151145,0.00013993374273103278,0.00024770757699585014,3.5996400000151145,2.897444639074342e-6,4.54006693220199e-6,3.5996400000151145,2.9391348323388196e-6,0.0003928066771288579,3.5996400000151145,0.0002811376974496185,0.0008548468422655691,3.5996400000151145,2.7129519115524016e-8,3.7126362424848635e-6,3.5996400000151145,0.0012764761188927064,0.03791319915219255,3.5996400000151145,1.632690295621835e-11,1.722599532170009e-9,3.5996400000151145,1.6431155358733122e-11,3.4237304019620313e-9,3.5996400000151145,2.7127486885735644e-8,2.6702623595906148e-8,3.5175879396984926,2.3165405138865633e-25,0.0
3.6996300000157696,1.1247176366935572e-11,1.2859165558899724e-9,3.6996300000157696,0.0003334496599606359,0.0009544488333371365,3.6996300000157696,0.00016505828109970714,0.00028212212588899844,3.6996300000157696,3.2204561154812723e-6,1.0997551346322778e-6,3.6996300000157696,3.2707212870759345e-6,0.0004051042522250226,3.6996300000157696,0.0003294591266523737,0.0008528040642770805,3.6996300000157696,3.2961109068031924e-8,4.159288463909731e-6,3.6996300000157696,0.0008989764863319198,0.04319706608892364,3.6996300000157696,1.7613682903963802e-11,2.0625646751382486e-9,3.6996300000157696,1.7778511016792263e-11,3.5573257995448133e-9,3.6996300000157696,3.2958844694635535e-8,3.235500825049024e-8,3.6180904522613067,1.123505639727471e-25,0.0
3.7996200000164246,1.3460261319548273e-11,1.3210374686021668e-9,3.7996200000164246,0.0004044456156102311,0.001113016556020019,3.7996200000164246,0.00020000366678814114,0.0003369515646806573,3.7996200000164246,3.676180086554182e-6,3.7405299520011937e-6,3.7996200000164246,3.738222220844774e-6,0.00041241673900446247,3.7996200000164246,0.0003972444727317687,0.0008822526796529904,3.7996200000164246,4.1180979739654197e-8,4.598873840077846e-6,3.7996200000164246,0.0006658515320740284,0.03964037171563303,3.7996200000164246,1.6923318260396774e-11,2.3998799642430672e-9,3.7996200000164246,1.7223635761203673e-11,4.156685822843168e-9,3.7996200000164246,4.117845121751261e-8,3.476427034720178e-8,3.7185929648241207,1.3234499604931952e-25,0.0
3.8996100000170797,1.3163658983460634e-11,1.3630709202256512e-9,3.8996100000170797,0.00039368845814846936,0.000946322115509052,3.8996100000170797,0.00019446886835615372,0.00029844282480924987,3.8996100000170797,3.3671878103290305e-6,4.901395069542988e-6,3.8996100000170797,3.428453481665114e-6,0.00042637624024904387,3.8996100000170797,0.00038762844250926404,0.001053577720358462,3.8996100000170797,4.1317786178709993e-8,5.109329677144709e-6,3.8996100000170797,0.0015016729106012057,0.05076588783769715,3.8996100000170797,1.9638978434012165e-11,1.9368827500877524e-9,3.8996100000170797,1.9680432159424446e-11,3.801001575533049e-9,3.8996100000170797,4.13155583682966e-8,3.1276837875342304e-8,3.819095477386935,1.1922140048910181e-25,0.0
3.9996000000177347,1.4342053612080618e-11,1.4040460987605078e-9,3.9996000000177347,0.00043167802854341894,0.0011859229410864276,3.9996000000177347,0.00021308869072474243,0.00037147724120719717,3.9996000000177347,3.524203436614443e-6,6.0285613325997e-7,3.9996000000177347,3.5938049926060734e-6,0.000437811962867577,3.9996000000177347,0.0004200465367651523,0.001053120826573606,3.9996000000177347,4.602105498716539e-8,5.679268833733821e-6,3.9996000000177347,0.0009337339537095031,0.05779633245373955,3.9996000000177347,2.2626663612981466e-11,2.4265995235132083e-9,3.9996000000177347,2.2836621582494606e-11,4.424408178572094e-9,3.9996000000177347,4.601872205263344e-8,4.6155178815094434e-8,3.919597989949749,6.543254449545394e-26,0.0
4.099590000013967,1.1078148503508144e-11,1.0234068696571653e-9,4.099590000013967,0.0003673444011791071,0.001104011285333538,4.099590000013967,0.00018107620790156232,0.00034009701876666604,4.099590000013967,2.8160013123130883e-6,4.094885499612161e-6,4.099590000013967,2.8755671269151425e-6,0.00044531010771155715,4.099590000013967,0.0003617202145476167,0.001114387517365753,4.099590000013967,4.0491483005413024e-8,6.2028772246650444e-6,4.099590000013967,0.0013517406020780167,0.04894458816205026,4.099590000013967,2.3294776874810624e-11,1.8706359028145805e-9,4.099590000013967,2.3329676566451922e-11,4.318889473295343e-9,4.099590000013967,4.048972545193938e-8,3.391123219661832e-8,4.0201005025125625,1.3390432060656078e-25,0.0
4.199580000010181,1.0858921145211501e-11,6.371155193678397e-10,4.199580000010181,0.00046892649936095226,0.0011358857472614358,4.199580000010181,0.00023094145467613908,0.00035678441328549363,4.199580000010181,3.4268437516341837e-6,2.1780303013465367e-6,4.199580000010181,3.505078528842388e-6,0.00046075246436980973,4.199580000010181,0.0004552741403042616,0.0012658338235475386,4.199580000010181,5.261580677087864e-8,6.889466102054315e-6,4.199580000010181,0.0011347267751614899,0.06426165366109017,4.199580000010181,2.2816640486066638e-11,1.5149014639165324e-9,4.199580000010181,2.3276941885692287e-11,4.808276239581369e-9,4.199580000010181,5.2613654283130066e-8,4.209509470295188e-8,4.1206030150753765,4.677397046814856e-25,0.0
4.299570000006396,9.188406953486494e-12,2.1716268744827185e-10,4.299570000006396,0.0005100070124548515,0.001293519348593548,4.299570000006396,0.0002509057214193201,0.0004054066931649346,4.299570000006396,3.5460360474180815e-6,3.2367035079499593e-6,4.299570000006396,3.633101341693906e-6,0.00046782784774808915,4.299570000006396,0.000491828778204534,0.0012282497308355263,4.299570000006396,5.8391024584955445e-8,7.501649220909425e-6,4.299570000006396,0.001367470968693742,0.062081503929040806,4.299570000006396,2.848308856339585e-11,1.3119843880814892e-9,4.299570000006396,2.891364999729407e-11,5.707220634073267e-9,4.299570000006396,5.838881746692609e-8,4.114971762422039e-8,4.221105527638191,3.9873173543401687e-25,0.0
4.3995600000026105,1.0572980499307048e-11,2.2328134885579445e-10,4.3995600000026105,0.0005137540815586296,0.0012526602946753547,4.3995600000026105,0.0002524436226541425,0.0004015324932878107,4.3995600000026105,3.3951202349637387e-6,2.152991910035531e-6,4.3995600000026105,3.4845204844006767e-6,0.0004826205224673944,4.3995600000026105,0.0004941764971536049,0.0014311635002781048,4.3995600000026105,6.010246499940543e-8,8.292952869011572e-6,4.3995600000026105,0.0012226538138167954,0.07338201607044312,4.3995600000026105,3.218695340344914e-11,8.699872192396517e-10,4.3995600000026105,3.263960396139034e-11,5.930018766673487e-9,4.3995600000026105,6.010036279782661e-8,4.7459451064001746e-8,4.321608040201005,4.383803521462154e-25,0.0
4.499549999998825,1.4295412596687277e-11,6.840310393033711e-10,4.499549999998825,0.00043455204802038535,0.0013409705021189906,4.499549999998825,0.0002132268699675292,0.0004320307442470508,4.499549999998825,2.725095584343083e-6,4.160382031298643e-6,4.499549999998825,2.8018155517549306e-6,0.0004890559078102799,4.499549999998825,0.00042051011214098587,0.0014370011994832715,4.499549999998825,5.204970350631954e-8,8.996628446866646e-6,4.499549999998825,0.0015842439318193033,0.063479057578992,4.499549999998825,3.3569113568736016e-11,6.666842854618424e-10,4.499549999998825,3.414222932816055e-11,6.651984790710739e-9,4.499549999998825,5.20480982306862e-8,4.6857561358280654e-8,4.422110552763819,5.182947309351409e-25,0.0
4.59953999999504,2.0159556785477624e-11,1.1809656218791319e-9,4.59953999999504,0.0005876778770326188,0.0016182280820483677,4.59953999999504,0.0002881305921387233,0.0005405899504051015,4.59953999999504,3.5412571887775957e-6,4.6338257729308e-7,4.59953999999504,3.6485345329602505e-6,0.0005035171382263578,4.59953999999504,0.00055423523001593,0.0015181186442449045,4.59953999999504,7.111991095826477e-8,9.913844940308715e-6,4.59953999999504,0.0013487001746383734,0.08671553939632756,4.59953999999504,3.775412098093673e-11,1.3285755644439375e-9,4.59953999999504,3.7913243795642865e-11,8.392849885379683e-9,4.59953999999504,7.111783761741565e-8,7.028641144805721e-8,4.522613065326633,3.590561807276491e-25,0.0
4.699529999991254,2.384350941088849e-11,1.6886474517451112e-9,4.699529999991254,0.0005647180601261169,0.0013929010710500122,4.699529999991254,0.0002764147969842554,0.00047356331867348005,4.699529999991254,3.226987302653191e-6,4.782703829916201e-6,4.699529999991254,3.3310791073683012e-6,0.0005138827976955577,4.699529999991254,0.0005358871245674972,0.0017540792786359053,4.699529999991254,7.005662462691958e-8,1.0756363000069414e-5,4.699529999991254,0.002016067001909637,0.08700485752801522,4.699529999991254,4.694217575645866e-11,1.5220267903795697e-9,4.699529999991254,4.7421868057331425e-11,7.64992016860143e-9,4.699529999991254,7.005478600594062e-8,5.478185716625818e-8,4.623115577889447,1.5001375174507349e-24,0.0
4.799519999987469,3.0059642975652473e-11,2.2220711816857447e-9,4.799519999987469,0.0006673203803722094,0.0018001989182449857,4.799519999987469,0.0003262660798493643,0.0006005856025441596,4.799519999987469,3.653542752983853e-6,3.6244005002992793e-6,4.799519999987469,3.7796626033250226e-6,0.0005220465399783243,4.799519999987469,0.000623038382186879,0.0016410389235189714,4.799519999987469,8.393530656044034e-8,1.1682700870629333e-5,4.799519999987469,0.001491734943758585,0.07335966747173658,4.799519999987469,4.78489912065433e-11,1.961232698104017e-9,4.799519999987469,4.807393503952337e-11,1.0025213853307419e-8,4.799519999987469,8.39332522267385e-8,7.105247711290272e-8,4.723618090452261,1.7610492528368125e-24,0.0
4.8995099999836835,3.3042750123591525e-11,2.7948261831920733e-9,4.8995099999836835,0.0006326957809541263,0.0017592156203273639,4.8995099999836835,0.00030894166842231215,0.000593683476615677,4.8995099999836835,3.315318641834493e-6,8.892870902960034e-7,4.8995099999836835,3.4375032565374814e-6,0.0005364724147272288,4.8995099999836835,0.0005853698718375808,0.001788219364458891,4.8995099999836835,8.079179873612635e-8,1.274627636222306e-5,4.8995099999836835,0.0017084907083546772,0.09544100283488144,4.8995099999836835,4.8647234132307637e-11,2.443399673781475e-9,4.8995099999836835,4.932553754047798e-11,1.0114797565018457e-8,4.8995099999836835,8.078998357773476e-8,7.416413721094916e-8,4.824120603015075,8.656791161393755e-25,0.0
4.999499999979898,3.589081045506571e-11,3.369898820861153e-9,4.999499999979898,0.0006110391555716684,0.0016116971008166864,4.999499999979898,0.00029794226034251056,0.0005683456792627532,4.999499999979898,3.0620859605777376e-6,4.4582720317623415e-6,4.999499999979898,3.182324696642037e-6,0.0005459876393474161,4.999499999979898,0.0005612965135337723,0.0021103617773010953,4.999499999979898,7.929004774048195e-8,1.3771122015143414e-5,4.999499999979898,0.0023593789007989173,0.09468090219246564,4.999499999979898,5.798528334196035e-11,3.196704288827365e-9,4.999499999979898,5.862515924056267e-11,9.615616926082092e-9,4.999499999979898,7.928842030896607e-8,7.244349803589132e-8,4.924623115577889,6.004675865373141e-25,0.0
5.099489999976113,4.110197461176688e-11,3.9572421939455505e-9,5.099489999976113,0.0006689569771652178,0.0017468428130859056,5.099489999976113,0.0003256567001907351,0.0006039465399844059,5.099489999976113,3.202296355335187e-6,5.228253841674795e-6,5.099489999976113,3.3359779469401707e-6,0.0005539355135459088,5.099489999976113,0.0006105466563641852,0.0021311602502874093,5.099489999976113,8.833245362316431e-8,1.4828486416187577e-5,5.099489999976113,0.001988756392967254,0.09750145020235024,5.099489999976113,6.196824663555603e-11,3.6238566779823746e-9,5.099489999976113,6.266453946607203e-11,1.0700244776782195e-8,5.099489999976113,8.833073194848633e-8,7.979531115340539e-8,5.025125628140704,1.381621759248565e-24,0.0
5.199479999972327,4.843718524309982e-11,4.602108309083417e-9,5.199479999972327,0.0007793876774299416,0.0022030055364380303,5.199479999972327,0.0003787375845802113,0.0007617821708476742,5.199479999972327,3.561447307453301e-6,3.7989990262643226e-6,5.199479999972327,3.7192163178557194e-6,0.000565579096514649,5.199479999972327,0.0007081087059685835,0.0020065914032166596,5.199479999972327,1.0481527827442697e-7,1.6081575786420212e-5,5.199479999972327,0.0017983857571325424,0.1015058329940158,5.199479999972327,5.994084981778438e-11,3.8234812344055784e-9,5.199479999972327,6.01681662292167e-11,1.3710388346326262e-8,5.199479999972327,1.0481332258219829e-7,9.882866730567673e-8,5.125628140703518,9.007855403224175e-25,0.0
5.299469999968542,5.209771760329333e-11,5.254384791862549e-9,5.299469999968542,0.0007897430819718259,0.002077450216725437,5.299469999968542,0.00038302177856409773,0.0006908119691294142,5.299469999968542,3.443538762882444e-6,1.63040345775674e-6,5.299469999968542,3.605159724258252e-6,0.0005787203383110319,5.299469999968542,0.0007181712873143092,0.0020985528547348333,5.299469999968542,1.0822543023704821e-7,1.7344028351073617e-5,5.299469999968542,0.0016778811933332357,0.11286390668411178,5.299469999968542,7.968806219310339e-11,4.211088363193618e-9,5.299469999968542,8.019680718285064e-11,1.3451600577988402e-8,5.299469999968542,1.0822359421896306e-7,8.052107271391639e-8,5.226130653266332,1.7073957658367237e-24,0.0
5.399459999964757,5.352629682210446e-11,5.960812862742068e-9,5.399459999964757,0.0007500599000898707,0.002150755994685361,5.399459999964757,0.0003632854431642968,0.0007456061949552983,5.399459999964757,3.1458918291178745e-6,1.059492611365905e-6,5.399459999964757,3.3029370097420462e-6,0.000591298548813371,5.399459999964757,0.0006698402674029577,0.0023153289995737833,5.399459999964757,1.0381085748565154e-7,1.877708793749771e-5,5.399459999964757,0.002241605921453563,0.1184029153112795,5.399459999964757,8.073233106227848e-11,4.9838369065254304e-9,5.399459999964757,8.156785086534337e-11,1.4029643385924729e-8,5.399459999964757,1.0380919473513372e-7,9.296390668463482e-8,5.326633165829146,3.6771327588701258e-25,0.0
5.499449999960971,5.922823209331662e-11,6.6634202376753544e-9,5.499449999960971,0.0008171452395948446,0.0020647085334576203,5.499449999960971,0.0003948510554591679,0.0007160629076657951,5.499449999960971,3.265409517373913e-6,2.091455287619706e-6,5.499449999960971,3.4375317327902983e-6,0.0006029969517513763,5.499449999960971,0.0007344010584233558,0.002589666981781024,5.499449999960971,1.1544782185072601e-7,2.0194922215173845e-5,5.499449999960971,0.0021630245564499585,0.13294151359225287,5.499449999960971,9.380429819115783e-11,5.991086457678596e-9,5.499449999960971,9.444139038465884e-11,1.3801322650870111e-8,5.499449999960971,1.1544612889655024e-7,8.675088213226449e-8,5.42713567839196,2.5781385843324596e-25,0.0
5.599439999957186,6.770805183930403e-11,7.395993209250512e-9,5.599439999957186,0.0009360241563424757,0.0021579831963573774,5.599439999957186,0.00045152259449112727,0.0007669041075358931,5.599439999957186,3.591816105265731e-6,3.0595607901701767e-6,5.599439999957186,3.792504091962717e-6,0.0006149059830661993,5.599439999957186,0.0008281533232551884,0.002949044302935967,5.599439999957186,1.3381008620395884e-7,2.171061150034865e-5,5.599439999957186,0.0030202087926708976,0.12053311052568604,5.599439999957186,8.930163046277276e-11,7.163488998110973e-9,5.599439999957186,8.973207632358787e-11,1.4841122621391694e-8,5.599439999957186,1.33808243166189e-7,1.0469158336700427e-7,5.527638190954774,5.512223960240443e-25,0.0
5.6994299999534,7.19268490859282e-11,8.123627519561285e-9,5.6994299999534,0.0009648791774818717,0.0022278047263814293,5.6994299999534,0.00046455934174180496,0.0008082988439600642,5.6994299999534,3.5521524209617016e-6,3.8937650529132326e-6,5.6994299999534,3.7621801359071695e-6,0.0006210994724657699,5.6994299999534,0.000844782379621632,0.0031774197222718854,5.6994299999534,1.3970872089330979e-7,2.3224159747699352e-5,5.6994299999534,0.0033167443433102916,0.11838207816772153,5.6994299999534,8.589751711606446e-11,8.042927805630173e-9,5.6994299999534,8.628776178812825e-11,1.5526230906367142e-8,5.6994299999534,1.3970689457969824e-7,1.214964808396069e-7,5.628140703517588,9.979025383944987e-25,0.0
5.799419999949615,7.677333773351903e-11,8.89831566526976e-9,5.799419999949615,0.0010081550862265864,0.00233327315102033,5.799419999949615,0.0004843850818453634,0.0008454704339438724,5.799419999949615,3.558198740924289e-6,3.67017227196176e-6,5.799419999949615,3.780505010411989e-6,0.0006321199265145693,5.799419999949615,0.0008758506540502268,0.0033107270650246873,5.799419999949615,1.479620006405188e-7,2.4894557609510055e-5,5.799419999949615,0.003438143584957901,0.12507595868902016,5.799419999949615,9.379300309350549e-11,8.773863063915558e-9,5.799419999949615,9.421515037862363e-11,1.6663018052831163e-8,5.799419999949615,1.479602243507983e-7,1.2459924782880984e-7,5.728643216080402,1.0869906496105684e-24,0.0
5.89940999994583,8.011378699060929e-11,9.721665884341764e-9,5.89940999994583,0.0010388935708815245,0.0024342796562062423,5.89940999994583,0.000498018019280787,0.0008675853861242668,5.89940999994583,3.5129911581384403e-6,2.5199148697051484e-6,5.89940999994583,3.7445884781778003e-6,0.0006473770074793584,5.89940999994583,0.0008985049675718444,0.0032831097625070226,5.89940999994583,1.5465221464085378e-7,2.6731598077299276e-5,5.89940999994583,0.003280612821332515,0.14157052294179973,5.89940999994583,1.1277609027461917e-10,9.138655242768536e-9,5.89940999994583,1.1332593330523362e-10,1.7872808270809803e-8,5.89940999994583,1.5465043763756905e-7,1.1389277599886019e-7,5.8291457286432165,1.1464109848506188e-24,0.0
5.999399999942044,7.210910121634762e-11,1.0526605130376531e-8,5.999399999942044,0.0008765358495357479,0.0025900264798210887,5.999399999942044,0.00041912308784750914,0.0009146318773550175,5.999399999942044,2.836790070929885e-6,1.7717337137642392e-6,5.999399999942044,3.0338158296178646e-6,0.000657427869947498,5.999399999942044,0.0007609042274390503,0.0031697830427376322,5.999399999942044,1.3249816216047945e-7,2.8579662323796985e-5,5.999399999942044,0.0025420859832549626,0.13207205324668536,5.999399999942044,1.2873709358865296e-10,9.146891713716417e-9,5.999399999942044,1.2950313539461633e-10,1.8859404309975373e-8,5.999399999942044,1.3249674053425498e-7,1.1044386545533408e-7,5.9296482412060305,1.1801527166454834e-24,0.0
6.099389999938259,8.605344616571469e-11,1.1363362178010826e-8,6.099389999938259,0.001105855958692258,0.0030475434020721674,6.099389999938259,0.0005278447364868738,0.0011044600718803494,6.099389999938259,3.4495308784827865e-6,5.772731249989633e-7,6.099389999938259,3.702851635847338e-6,0.0006674936164426152,6.099389999938259,0.000934017620367321,0.0032498796481363603,6.099389999938259,1.6834691920694012e-7,3.05811744865148e-5,6.099389999938259,0.0032304565814257054,0.16873481868912307,6.099389999938259,1.0577677087040466e-10,1.0002105417244624e-8,6.099389999938259,1.0679211261719956e-10,2.1797185668365478e-8,6.099389999938259,1.6834519132867567e-7,1.5811661348540026e-7,6.030150753768845,1.3443102205830604e-24,0.0
6.199379999934473,7.550187094751407e-11,1.2124901922086839e-8,6.199379999934473,0.0009115774556896027,0.003030400912840667,6.199379999934473,0.0004338190337719861,0.0010514651876784506,6.199379999934473,2.7178355233400755e-6,2.2449610763213033e-6,6.199379999934473,2.9275683173420504e-6,0.0006767141016233846,6.199379999934473,0.0007781892622081273,0.0030796458443940224,6.199379999934473,1.4110136727256472e-7,3.2455337104463024e-5,6.199379999934473,0.0024962980938246495,0.13425562816491024,6.199379999934473,1.4188823186648682e-10,1.0135480619394469e-8,6.199379999934473,1.4274489077670283e-10,2.2782101138753464e-8,6.199379999934473,1.4110002795584233e-7,1.2740132585916037e-7,6.130653266331659,3.387441766608251e-24,0.0
6.299369999930688,9.195241416422256e-11,1.2932764231077098e-8,6.299369999930688,0.001183875069744743,0.0031621398108776775,6.299369999930688,0.0005621976823572029,0.0011228700671159642,6.299369999930688,3.3972135993606524e-6,3.076628965755028e-6,6.299369999930688,3.673708726903422e-6,0.0006868306531957036,6.299369999930688,0.0009884682812443231,0.0035094561081971394,6.299369999930688,1.8479194033239862e-7,3.45222354325398e-5,6.299369999930688,0.0037936319923184136,0.1566367631740822,6.299369999930688,1.4243859688066683e-10,1.18517619167734e-8,6.299369999930688,1.430247377755042e-10,2.3407634222304028e-8,6.299369999930688,1.8479026435454047e-7,1.4310581092359097e-7,6.231155778894473,2.45623774809141e-24,0.0
6.399359999926903,9.749467106412773e-11,1.3829705870486461e-8,6.399359999926903,0.0012674921917232027,0.003082135362275011,6.399359999926903,0.0006004510055458704,0.0011374293759629634,6.399359999926903,3.496264687872452e-6,5.554263807152166e-6,6.399359999926903,3.795913801706663e-6,0.0007008591422847712,6.399359999926903,0.001043767300547148,0.004122992930492088,6.399359999926903,1.997660765253215e-7,3.690724416732125e-5,6.399359999926903,0.004596481045754712,0.15516273836484532,6.399359999926903,1.3752683923257026e-10,1.3325645396308817e-8,6.399359999926903,1.37974936373175e-10,2.186347176792928e-8,6.399359999926903,1.9976437413915054e-7,1.620904873466829e-7,6.331658291457287,3.1144567392460112e-24,0.0
6.499349999923117,1.0067244140330277e-10,1.471760737897105e-8,6.499349999923117,0.0013140543658221129,0.00312114709871415,6.499349999923117,0.0006208694747615274,0.001136181801754776,6.499349999923117,3.4817656083216684e-6,2.934440378938343e-6,6.499349999923117,3.795634318703346e-6,0.0007134016627343749,6.499349999923117,0.0010711224812204783,0.004357739950559736,6.499349999923117,2.0925225026008468e-7,3.935550959634321e-5,6.499349999923117,0.0045662448144471665,0.16796937547721916,6.499349999923117,1.4490636315267238e-10,1.4136475858992206e-8,6.499349999923117,1.4536006414188072e-10,2.45615419532302e-8,6.499349999923117,2.0925056464770712e-7,1.5994226221965292e-7,6.432160804020101,7.015855515146551e-24,0.0
6.599339999919332,1.0099911396695963e-10,1.552368209804891e-8,6.599339999919332,0.0013157274339182568,0.003598582009077537,6.599339999919332,0.0006198812080923534,0.0012648674640041507,6.599339999919332,3.3464150113552064e-6,1.5301455581314848e-6,6.599339999919332,3.6633661224750123e-6,0.0007211101228119964,6.599339999919332,0.0010654577573246363,0.0037228672493796865,6.599339999919332,2.1181775298558975e-7,4.166511791352934e-5,6.599339999919332,0.0039364700523178975,0.18159643209766443,6.599339999919332,1.6574315799019242e-10,1.325573349766954e-8,6.599339999919332,1.6635578743660535e-10,2.7510245025665143e-8,6.599339999919332,2.118161107309132e-7,1.5627384222876464e-7,6.532663316582915,6.215791589454092e-24,0.0
6.6993299999155465,8.650980985645591e-11,1.6368482162268212e-8,6.6993299999155465,0.001074821194808159,0.003481219406725147,6.6993299999155465,0.000504771985665731,0.0012497462473918053,6.6993299999155465,2.6211169146509456e-6,3.952416889571296e-6,6.6993299999155465,2.8815993276061845e-6,0.0007300399101095145,6.6993299999155465,0.0008719963094858552,0.004148221007643817,6.6993299999155465,1.751298818410241e-7,4.416114270180381e-5,6.6993299999155465,0.003945759496622113,0.15746521031933597,6.6993299999155465,1.789571832960074e-10,1.509899319297635e-8,6.6993299999155465,1.7988465045794452e-10,2.6030062990241577e-8,6.6993299999155465,1.7512860409208932e-7,1.6706907708597995e-7,6.633165829145729,8.743263155419829e-24,0.0
6.799319999911761,1.0840720973073849e-10,1.7306725815783102e-8,6.799319999911761,0.0014340998142689622,0.0034514626757702425,6.799319999911761,0.0006719984575359306,0.0012848288155031787,6.799319999911761,3.373848396583865e-6,4.093761691209111e-6,6.799319999911761,3.7268060052342314e-6,0.0007413949662479735,6.799319999911761,0.0011274864799448831,0.005071220890468674,6.799319999911761,2.3471652277097263e-7,4.699896388352918e-5,6.799319999911761,0.005367829110385865,0.19068043351114514,6.799319999911761,1.442896087261482e-10,1.6988712460542e-8,6.799319999911761,1.4465388510276034e-10,2.7086967825545686e-8,6.799319999911761,2.3471487875823012e-7,2.1119599084166146e-7,6.733668341708543,9.320027093536622e-24,0.0
6.899309999907976,9.27986119424103e-11,1.818068992188122e-8,6.899309999907976,0.0011821582559907863,0.0040244969547477616,6.899309999907976,0.0005519170498543606,0.0014184783796354927,6.899309999907976,2.663279792308894e-6,2.2107043152506544e-6,6.899309999907976,2.9550673538087533e-6,0.0007533859840450663,6.899309999907976,0.0009362188055587554,0.004047877274132812,6.899309999907976,1.9601139767743176e-7,4.976690940125579e-5,6.899309999907976,0.0037986754046411705,0.16369728793235058,6.899309999907976,1.9640426310847706e-10,1.5737140542425396e-8,6.899309999907976,1.9731277791940826e-10,3.1003867592260754e-8,6.899309999907976,1.9601005540205396e-7,1.7566401721745905e-7,6.834170854271357,9.088621452307733e-24,0.0
6.99929999990419,1.1406342319973715e-10,1.9114249761738237e-8,6.99929999990419,0.0015368260346083384,0.0037770430192203223,6.99929999990419,0.0007155616492450877,0.0013918454299672897,6.99929999990419,3.33478905531742e-6,5.059060261817884e-6,6.99929999990419,3.718606620062999e-6,0.0007662045127259288,6.99929999990419,0.0011877549260197566,0.005158425634705474,6.99929999990419,2.5629130279925186e-7,5.2791193428777434e-5,6.99929999990419,0.005895434542259233,0.19457318396085316,6.99929999990419,1.9767814282629572e-10,1.832714622141952e-8,6.99929999990419,1.9828879550883682e-10,2.7637917902544435e-8,6.99929999990419,2.5628960253785625e-7,1.9516897284573013e-7,6.934673366834171,1.6635149268334217e-23,0.0
7.099289999900405,1.1906627670085708e-10,2.0059942557506694e-8,7.099289999900405,0.0016234747296320232,0.004542126997644827,7.099289999900405,0.0007536245386474234,0.0016220694677647847,7.099289999900405,3.389052904026421e-6,9.492788115062584e-7,7.099289999900405,3.7983182944749744e-6,0.0007762869621590734,7.099289999900405,0.0012344378145010089,0.004713574120592056,7.099289999900405,2.7260466874462977e-7,5.595337054039949e-5,7.099289999900405,0.005596683192327254,0.18386216707636321,7.099289999900405,1.8646503655108515e-10,1.8185306505671263e-8,7.099289999900405,1.8692553220014196e-10,3.410860117394709e-8,7.099289999900405,2.7260301074809977e-7,2.2276789602620825e-7,7.035175879396985,2.3012733455488004e-23,0.0
7.1992799998966195,1.2179844158453254e-10,2.086413848979748e-8,7.1992799998966195,0.001676782202111792,0.004294242811896256,7.1992799998966195,0.0007758278330020573,0.0015981272786052719,7.1992799998966195,3.364951324060813e-6,5.765158351712287e-6,7.1992799998966195,3.7909248605931255e-6,0.0007822709386969057,7.1992799998966195,0.0012585249817231494,0.005584507069156145,7.1992799998966195,2.836458891025581e-7,5.882351732998525e-5,7.1992799998966195,0.006530764959964981,0.1853404249378915,7.1992799998966195,1.9216346250898944e-10,1.994293657369361e-8,7.1992799998966195,1.926209929035651e-10,3.111815662345502e-8,7.1992799998966195,2.836442868504716e-7,2.4772999193965486e-7,7.135678391959799,2.6391498125147217e-23,0.0
7.299269999892834,1.244120233085328e-10,2.1859561380753785e-8,7.299269999892834,0.0017313929648668884,0.004819053700759773,7.299269999892834,0.0007982726614182519,0.0017120554954711178,7.299269999892834,3.3377960355179896e-6,1.2318837852398284e-6,7.299269999892834,3.7803555504209743e-6,0.0007979568078164428,7.299269999892834,0.001286507819998213,0.004908593799777324,7.299269999892834,2.9520235800696116e-7,6.233280139966558e-5,7.299269999892834,0.006158342457837723,0.2047978159833749,7.299269999892834,2.2052859977474334e-10,1.9349529147670073e-8,7.299269999892834,2.2112146875896905e-10,3.633725659741853e-8,7.299269999892834,2.9520079233310673e-7,2.2307496116143193e-7,7.236180904522613,3.034209204511586e-23,0.0
7.399259999889049,1.1421173535372512e-10,2.2839000400176544e-8,7.399259999889049,0.0015740410496722348,0.00426791751426653,7.399259999889049,0.0007229463694137414,0.001565260532238238,7.399259999889049,2.9125677534507067e-6,4.519458790795077e-6,7.399259999889049,3.3166800269113453e-6,0.0008095281943492717,7.399259999889049,0.0011639988795728805,0.005909680787690466,7.399259999889049,2.7067307279434845e-7,6.591326968148263e-5,7.399259999889049,0.006296497875048657,0.24451363479606422,7.399259999889049,2.475183881014614e-10,2.182955925486333e-8,7.399259999889049,2.4846864456577767e-10,3.118119346890518e-8,7.399259999889049,2.706717540438611e-7,2.1355826053943095e-7,7.336683417085427,4.347414806766784e-23,0.0
7.499249999885263,1.2055771546547865e-10,2.3760039234950394e-8,7.499249999885263,0.0016875127254887096,0.005268251861947291,7.499249999885263,0.0007728548027617139,0.0018806481378115456,7.499249999885263,3.0112962960976332e-6,3.1701241079015398e-6,7.499249999885263,3.4496318319866218e-6,0.0008182777264138917,7.499249999885263,0.0012120811123008887,0.005360399471357972,7.499249999885263,2.908772622348648e-7,6.94429139721761e-5,7.499249999885263,0.006321693065816512,0.2276978420659749,7.499249999885263,2.088442964599609e-10,2.070402276421485e-8,7.499249999885263,2.1016207436700843e-10,3.913939462776018e-8,7.499249999885263,2.908759041504015e-7,2.728092293007156e-7,7.437185929648241,6.040505364166206e-23,0.0
7.599239999881478,1.2445363266760447e-10,2.4807126583160997e-8,7.599239999881478,0.0017733647059527667,0.004805614214118823,7.599239999881478,0.0008086136922763799,0.0017302585985265338,7.599239999881478,3.0330528774582904e-6,2.1292657795905587e-6,7.599239999881478,3.4943506810361383e-6,0.0008329817237685397,7.599239999881478,0.0012723625467763683,0.0060460921416943415,7.599239999881478,3.085710748800852e-7,7.345083413935036e-5,7.599239999881478,0.0069215271848265,0.25922608336928427,7.599239999881478,2.695843612702516e-10,2.2483567790492044e-8,7.599239999881478,2.7054327856730634e-10,3.7850850797721446e-8,7.599239999881478,3.0856973870439124e-7,2.2213754183239818e-7,7.5376884422110555,4.4002803995244095e-23,0.0
7.6992299998776925,1.3587386127563865e-10,2.5638469002640058e-8,7.6992299998776925,0.0019820797638789196,0.005214896996010368,7.6992299998776925,0.00090069484890728,0.00193092878896635,7.6992299998776925,3.263632649758094e-6,5.749994412342752e-6,7.6992299998776925,3.7835153108808394e-6,0.0008369106760551888,7.6992299998776925,0.0013898086623736177,0.0066077491255121384,7.6992299998776925,3.461255774490936e-7,7.694103305603563e-5,7.6992299998776925,0.008302730918559964,0.20376816500106795,7.6992299998776925,2.419460329708342e-10,2.434492528600095e-8,7.6992299998776925,2.425011172099712e-10,3.736832764708563e-8,7.6992299998776925,3.4612414166360586e-7,3.0772068240221147e-7,7.63819095477387,6.045142347423514e-23,0.0
7.799219999873907,1.3021508196804282e-10,2.669198350382569e-8,7.799219999873907,0.0019016369005483787,0.005956962222358444,7.799219999873907,0.0008609535935591705,0.002123970570204844,7.799219999873907,3.012043797733346e-6,3.2959991930931383e-6,7.799219999873907,3.514200537159206e-6,0.0008510438546557282,7.799219999873907,0.001309447544677748,0.0059828096963876936,7.799219999873907,3.3343499960877805e-7,8.122822001785397e-5,7.799219999873907,0.00763660508258468,0.2460883396989623,7.799219999873907,2.2408881283603812e-10,2.3345794434094204e-8,7.799219999873907,2.2554765102364794e-10,4.3247970259491966e-8,7.799219999873907,3.3343369421065926e-7,3.1650658677491743e-7,7.738693467336684,5.990317692871631e-23,0.0
7.899209999870122,1.2910013064785048e-10,2.778697471084202e-8,7.899209999870122,0.0019024688345719216,0.005952698774372593,7.899209999870122,0.0008579072142812816,0.002143957684099022,7.899209999870122,2.8964083555557614e-6,9.381815323654303e-7,7.899209999870122,3.401420703946438e-6,0.0008651414968693265,7.899209999870122,0.0012895508271012375,0.006092210104162976,7.899209999870122,3.351022153304853e-7,8.576779228225503e-5,7.899209999870122,0.008071083904339667,0.26304208886274616,7.899209999870122,2.449974116688043e-10,2.5196615549668926e-8,7.899209999870122,2.4642618254016825e-10,4.195644038425661e-8,7.899209999870122,3.351009420614272e-7,2.91406892764383e-7,7.839195979899498,5.918680106243936e-23,0.0
7.999199999866336,1.3851158587552606e-10,2.8747600467424165e-8,7.999199999866336,0.002091206069330682,0.005604928755916705,7.999199999866336,0.0009389596797543336,0.00208456147004162,7.999199999866336,3.057469912148388e-6,4.156510861738215e-6,7.999199999866336,3.6145906503237934e-6,0.0008742617674949879,7.999199999866336,0.0013982451937975312,0.007418854055243452,7.999199999866336,3.702362092751544e-7,9.002636748354649e-5,7.999199999866336,0.009322673613930233,0.2823696488609586,7.999199999866336,2.4100319423635307e-10,2.774236010407833e-8,7.999199999866336,2.4139211925574845e-10,4.142735650990285e-8,7.999199999866336,3.7023488162657364e-7,3.3817221334831207e-7,7.939698492462312,3.918597966462262e-23,0.0
8.099189999862551,1.4730150037850178e-10,2.9764105647149247e-8,8.099189999862551,0.0022753813476804785,0.0059483703136619165,8.099189999862551,0.001016955573871384,0.002169403214251401,8.099189999862551,3.1925143110626993e-6,5.289347278941694e-6,8.099189999862551,3.80009244332082e-6,0.0008869258599594129,8.099189999862551,0.0015046232225521697,0.007558717942617583,8.099189999862551,4.0504696336300347e-7,9.459272229004283e-5,8.099189999862551,0.010274459207181308,0.22986338860635558,8.099189999862551,3.1315250496684835e-10,2.8552951803621994e-8,8.099189999862551,3.1383186868809103e-10,4.2171399480278586e-8,8.099189999862551,4.050455775624923e-7,3.281817889636512e-7,8.040201005025125,2.8404580856119864e-23,0.0
8.199179999858766,1.2489020913562332e-10,3.0706606655278246e-8,8.199179999858766,0.0019029018238279228,0.006310055226792925,8.199179999858766,0.0008462291140645515,0.002240870730886783,8.199179999858766,2.5595933554272398e-6,3.5966877857675066e-6,8.199179999858766,3.0679736631271896e-6,0.0008944327459778857,8.199179999858766,0.0012530779530792937,0.0071047705411378765,8.199179999858766,3.4082776495421444e-7,9.906045151079535e-5,8.199179999858766,0.008718318106459318,0.20502110738195398,8.199179999858766,3.400810205782726e-10,2.8578482048645232e-8,8.199179999858766,3.412763607455207e-10,4.3781230124512355e-8,8.199179999858766,3.408266763364319e-7,3.0574312822166016e-7,8.140703517587939,3.510743235175273e-23,0.0
8.29916999985498,1.516668476144791e-10,3.1806394861622746e-8,8.29916999985498,0.00241132953931804,0.007602079425804801,8.29916999985498,0.0010682645692014479,0.0027081118844329063,8.29916999985498,3.1228938958415257e-6,3.619961600485504e-6,8.29916999985498,3.7718558613067357e-6,0.000905047067951181,8.29916999985498,0.0015396298345050463,0.0072662380489008195,8.29916999985498,4.320006122182575e-7,0.00010416833626051368,8.29916999985498,0.010964981501465944,0.20630332512590654,8.29916999985498,3.163231158917491e-10,2.902389387373721e-8,8.29916999985498,3.168308228149798e-10,5.115845813391456e-8,8.29916999985498,4.3199931020442557e-7,3.9792045224134775e-7,8.241206030150753,1.3454590078839018e-23,0.0
8.399159999851195,1.2538970633162608e-10,3.284541806604749e-8,8.399159999851195,0.0019529377306583447,0.007314429343818987,8.399159999851195,0.0008616788671847481,0.0025533623773083824,8.399159999851195,2.4333228365222304e-6,2.5550860860848045e-6,8.399159999851195,2.962075113392449e-6,0.0009173424732891712,8.399159999851195,0.0012187650495533568,0.0069063993167532345,8.399159999851195,3.5009029468285593e-7,0.00010924594041853428,8.399159999851195,0.00905630981670234,0.23452462117036058,8.399159999851195,3.340413080887433e-10,2.911284822634185e-8,8.399159999851195,3.353656695542663e-10,5.1060345254220934e-8,8.399159999851195,3.5008929988206197e-7,3.3667797888755436e-7,8.341708542713567,4.680673089785733e-23,0.0
8.49914999984741,1.3680674277850748e-10,3.390470444055857e-8,8.49914999984741,0.002204517350291673,0.007539925238098749,8.49914999984741,0.0009667593177995628,0.0026156418168390926,8.49914999984741,2.6263946310524386e-6,1.9498359533463656e-6,8.49914999984741,3.220916321990173e-6,0.0009287553938196505,8.49914999984741,0.001376450501459777,0.006847815227825603,8.49914999984741,3.981775618138206e-7,0.00011454034650996982,8.49914999984741,0.010494051666324385,0.2940112334792854,8.49914999984741,3.8824936623834924e-10,3.0137587265658827e-8,8.49914999984741,3.8940032073573e-10,5.2305042981185136e-8,8.49914999984741,3.981764280791144e-7,3.2426278901831166e-7,8.442211055276381,2.868701948934043e-23,0.0
8.599139999843624,1.464564983732563e-10,3.497507704919835e-8,8.599139999843624,0.0024198922275335617,0.007853088790385683,8.599139999843624,0.001056110691237321,0.002715643749476107,8.599139999843624,2.7683392131662705e-6,1.763517217781941e-6,8.599139999843624,3.422799806952529e-6,0.0009398379865507286,8.599139999843624,0.0014803656823505912,0.007042396402331204,8.599139999843624,4.3780817975282095e-7,0.00012002172097699158,8.599139999843624,0.011828771640273565,0.3060749871424935,8.599139999843624,4.0968685557815443e-10,3.110335114280228e-8,8.599139999843624,4.1073927652308373e-10,5.377375455692593e-8,8.599139999843624,4.3780698107445227e-7,3.357360677705266e-7,8.542713567839195,3.772003475461841e-23,0.0
8.699129999839839,1.4115095497992263e-10,3.6057803883084983e-8,8.699129999839839,0.0023540601220574256,0.0081568008922837,8.699129999839839,0.0010220311764382321,0.0028106575170333396,8.699129999839839,2.583263357761343e-6,1.9410785815011873e-6,8.699129999839839,3.220666850831951e-6,0.0009506548829867725,8.699129999839839,0.0014176654702272818,0.00725958301909096,8.699129999839839,4.2686221451893615e-7,0.00012569998716948575,8.699129999839839,0.01186194387630538,0.3014075112017586,8.699129999839839,4.1976521200673283e-10,3.209181749000218e-8,8.699129999839839,4.2091571369195435e-10,5.521304693631802e-8,8.699129999839839,4.268611098325305e-7,3.476906393273089e-7,8.64321608040201,1.876700564588416e-23,0.0
8.799119999836053,1.3348828252122876e-10,3.7146882980877736e-8,8.799119999836053,0.0022288915281984197,0.008557887109291732,8.799119999836053,0.0009639968243552135,0.002947428643690913,8.799119999836053,2.3557518471414163e-6,2.537204408695324e-6,8.799119999836053,2.963933575965826e-6,0.0009611549787523229,8.799119999836053,0.0012953008750055232,0.007760668460780838,8.799119999836053,4.0279005713237427e-7,0.00013157455100796413,8.799119999836053,0.011432328317395298,0.24302979386457987,8.799119999836053,3.848596695747851e-10,3.301023731445886e-8,8.799119999836053,3.8629870904625894e-10,5.688012336012972e-8,8.799119999836053,4.027889969457742e-7,3.8718202963211084e-7,8.743718592964823,2.7127128446769046e-23,0.0
8.899109999832268,1.672214706520882e-10,3.826189886372912e-8,8.899109999832268,0.0029385449497071835,0.009598545119677086,8.899109999832268,0.0012633079689388222,0.0033438846334071185,8.899109999832268,2.9732508030021798e-6,3.593398253447319e-6,8.899109999832268,3.7735209636886707e-6,0.0009707155466472256,8.899109999832268,0.0016851408003674313,0.0086769272211634,8.899109999832268,5.327757109510471e-7,0.00013768797862240558,8.899109999832268,0.015619252423602242,0.21795505716228616,8.899109999832268,4.15107347920215e-10,3.492048805051378e-8,8.899109999832268,4.1564463378443363e-10,5.997331348087516e-8,8.899109999832268,5.327744081976637e-7,4.897558950411112e-7,8.844221105527637,1.8107342061670963e-23,0.0
8.999099999828482,1.415067898944694e-10,3.930751389094627e-8,8.999099999828482,0.0024743543721657624,0.008619183090246337,8.999099999828482,0.001056987688122222,0.002975178454223977,8.999099999828482,2.3948690421954176e-6,3.476853524568206e-6,8.999099999828482,3.06662221932824e-6,0.0009820396425751152,8.999099999828482,0.001409687733275586,0.00900035855176246,8.999099999828482,4.5017803412676196e-7,0.00014374077598168795,8.999099999828482,0.013906063881002812,0.21574430392951002,8.999099999828482,4.6217025431436314e-10,3.6582775369272406e-8,8.999099999828482,4.634173477430006e-10,5.482695903106668e-8,8.999099999828482,4.5017689890158965e-7,4.0391860727941447e-7,8.944723618090451,2.2276189775662273e-24,0.0
9.099089999824697,1.7344188321247334e-10,4.0536324883182484e-8,9.099089999824697,0.0031636119598706094,0.008731270942214967,9.099089999824697,0.0013447522610342086,0.0030622737988859512,9.099089999824697,2.9403250142140727e-6,5.084201716306658e-6,9.099089999824697,3.8019512789546386e-6,0.0009963712469247446,9.099089999824697,0.001748228704809662,0.010045352253436493,9.099089999824697,5.744248018256775e-7,0.00015062365152499713,9.099089999824697,0.01808708207284017,0.2574504938645963,9.099089999824697,4.842705620299799e-10,3.873508375571513e-8,9.099089999824697,4.850338562758222e-10,5.6053798251076813e-8,9.099089999824697,5.744234910523487e-7,4.6412991236881293e-7,9.045226130653266,3.1695531514493623e-24,0.0
9.199079999820912,1.6836376579005095e-10,4.167322471823536e-8,9.199079999820912,0.0031084842717606586,0.008841086318359446,9.199079999820912,0.0013142104776177079,0.0031364921479868526,9.199079999820912,2.7710419995052905e-6,3.872034021866319e-6,9.199079999820912,3.6188781745121212e-6,0.0010057712536361266,9.199079999820912,0.0016767257734439387,0.010399707981328605,9.199079999820912,5.636445766332444e-7,0.0001573799437106795,9.199079999820912,0.018155988718672,0.3332500289451243,9.199079999820912,4.250444260447236e-10,4.000240301439329e-8,9.199079999820912,4.254617881277978e-10,5.767615240303698e-8,9.199079999820912,5.636433282829116e-7,5.161708490904009e-7,9.14572864321608,8.47012572151737e-24,0.0
9.299069999817126,1.6183521047329198e-10,4.2883785220996934e-8,9.299069999817126,0.00302309101628432,0.010256046008056928,9.299069999817126,0.001270777598121447,0.0035118300633667394,9.299069999817126,2.582461909149153e-6,9.402113503125085e-7,9.299069999817126,3.407144655038506e-6,0.0010185328986245144,9.299069999817126,0.0015952227576175103,0.00917072292308948,9.299069999817126,5.475643268438315e-7,0.0001645783214168722,9.299069999817126,0.01795679917247715,0.32471031379088755,9.299069999817126,3.9471839383316775e-10,3.9052464078215135e-8,9.299069999817126,3.9500186766460106e-10,6.205155033768252e-8,9.299069999817126,5.475631544123488e-7,4.77060416783545e-7,9.246231155778894,2.6071752363833316e-23,0.0
9.39905999981334,1.688925717627201e-10,4.390960830094083e-8,9.39905999981334,0.0032292188983397033,0.011153024111552475,9.39905999981334,0.0013490533263847606,0.003762528001313252,9.39905999981334,2.6406243407067185e-6,3.2669651113722485e-6,9.39905999981334,3.5203696341407095e-6,0.0010263496076553605,9.39905999981334,0.0016695927251958369,0.009536343391962706,9.39905999981334,5.845145188879577e-7,0.00017126309549744738,9.39905999981334,0.019679962791265077,0.29231497874831924,9.39905999981334,4.391831864784577e-10,3.8875448737856746e-8,9.39905999981334,4.395380943939735e-10,6.663449809465356e-8,9.39905999981334,5.845132851515795e-7,5.552372954755296e-7,9.346733668341708,5.526816621810161e-23,0.0
9.499049999809555,1.8281733476070486e-10,4.498507707473502e-8,9.499049999809555,0.0035951875279715767,0.010423313227919555,9.499049999809555,0.0014920572186804106,0.0035899128919916114,9.499049999809555,2.8114478528185216e-6,5.359087776124034e-6,9.499049999809555,3.788287836278695e-6,0.0010339355543764655,9.499049999809555,0.0018242539264844964,0.011037971741783182,9.499049999809555,6.505229047570547e-7,0.00017827357571255622,9.499049999809555,0.023011097707745086,0.2508871611577876,9.499049999809555,5.436986725289986e-10,4.2421427981647156e-8,9.499049999809555,5.443810623774819e-10,6.27577979410529e-8,9.499049999809555,6.505216411755333e-7,5.75637167967311e-7,9.447236180904522,7.093884939682885e-23,0.0
9.59903999980577,1.7227538062481314e-10,4.6373833083797544e-8,9.59903999980577,0.003432993884264587,0.010497973505880215,9.59903999980577,0.0014147550930411292,0.003513108850404685,9.59903999980577,2.5647906907440802e-6,2.1250303352649752e-6,9.59903999980577,3.4938456518370947e-6,0.0010519474225816204,9.59903999980577,0.0017152353353115518,0.010641177732675063,9.59903999980577,6.211185227086003e-7,0.00018676607090961566,9.59903999980577,0.023094097407314433,0.3573079915508212,9.59903999980577,6.060746155949892e-10,4.228968980635149e-8,9.59903999980577,6.073013017540873e-10,6.651169996454489e-8,9.59903999980577,6.211173572866853e-7,4.47845815466582e-7,9.547738693467336,8.642883061463917e-23,0.0
9.699029999801985,1.7296116635015155e-10,4.7444611154253194e-8,9.699029999801985,0.0035035237126783765,0.012524751259625919,9.699029999801985,0.0014358390765667334,0.004142859407681229,9.699029999801985,2.508814746825584e-6,3.124084226494796e-6,9.699029999801985,3.4584520527761614e-6,0.0010593107132310848,9.699029999801985,0.0016954139056541179,0.010202458566663327,9.699029999801985,6.307700021024044e-7,0.00019418728911771565,9.699029999801985,0.023339186135332663,0.28722869226073644,9.699029999801985,4.845633620251144e-10,4.207026643234878e-8,9.699029999801985,4.84931474531804e-10,7.127273204605015e-8,9.699029999801985,6.307688998986491e-7,5.920413494427616e-7,9.64824120603015,1.2175325903257759e-22,0.0
9.7990199997982,1.6858426294742739e-10,4.8700548362173714e-8,9.7990199997982,0.0034822035649640045,0.010830112654432695,9.7990199997982,0.001415757483434709,0.0036227797380400583,9.7990199997982,2.377082656391812e-6,4.08519104286103e-6,9.7990199997982,3.3145001142339573e-6,0.0010723283075004288,9.7990199997982,0.0016653119020302665,0.01178825221912283,9.7990199997982,6.272932693002921e-7,0.000202539815253601,9.7990199997982,0.025520201064782443,0.3208198544031111,9.7990199997982,6.401324620443221e-10,4.6193553195325715e-8,9.7990199997982,6.4142718637796e-10,6.446759432401185e-8,9.7990199997982,6.27292137078863e-7,4.95389840779958e-7,9.748743718592964,1.1080980008408749e-22,0.0
9.899009999794414,1.9234078081979706e-10,4.985613748055939e-8,9.899009999794414,0.004105349768536722,0.013493459280436437,9.899009999794414,0.0016584872682783016,0.004371261129323426,9.899009999794414,2.680457038922029e-6,1.1080673095599459e-6,9.899009999794414,3.784424320521258e-6,0.0010825195184312486,9.899009999794414,0.0019064263202680674,0.010630203903975843,9.899009999794414,7.363300239328311e-7,0.0002106824115925825,9.899009999794414,0.030191602966648183,0.276490193723144,9.899009999794414,6.759915710824428e-10,4.437070718509221e-8,9.899009999794414,6.76905496205017e-10,7.420062831514454e-8,9.899009999794414,7.363288008015781e-7,5.547677140031116e-7,9.849246231155778,1.4294948604473192e-22,0.0
9.998999999790628,1.9538913740472975e-10,5.097470465039058e-8,9.998999999790628,0.004258210352699987,0.012714750326854393,9.998999999790628,0.0017084582948098303,0.004223090172468468,9.998999999790628,2.656010152504192e-6,5.162597970777007e-6,9.998999999790628,3.7980803542192475e-6,0.0010887626051711231,9.998999999790628,0.0019270865445988553,0.012477324277234076,9.998999999790628,7.607375212290599e-7,0.000218881215350184,9.998999999790628,0.032182522979534965,0.2572895655594587,9.998999999790628,6.719800875706853e-10,4.8217462340393454e-8,9.998999999790628,6.726953039237563e-10,7.061754315075487e-8,9.998999999790628,7.607363383471292e-7,6.603606361751194e-7,9.949748743718592,1.616775914996731e-22,0.0
10.098989999786843,1.9814231846891226e-10,5.236486218557776e-8,10.098989999786843,0.004412936301319499,0.01491193889744385,10.098989999786843,0.0017576188164744272,0.004772208644155159,10.098989999786843,2.6266036100610657e-6,1.185988624126526e-6,10.098989999786843,3.805499835199603e-6,0.0011045639992930594,10.098989999786843,0.0019496749191037983,0.011499939760128478,10.098989999786843,7.854637488445863e-7,0.0002284861457493784,10.098989999786843,0.034539565743991,0.2484069412278277,10.098989999786843,7.062669581980159e-10,4.7911475282607746e-8,10.098989999786843,7.070826453520275e-10,7.787760171507765e-8,10.098989999786843,7.854625951739315e-7,6.37902599538839e-7,10.050251256281408,1.1715359587257496e-22,0.0
10.198979999783058,1.9646663842838513e-10,5.3604054352310105e-8,10.198979999783058,0.004467576651345992,0.013160520028284807,10.198979999783058,0.0017655602511455044,0.004273708909402644,10.198979999783058,2.5346112455814e-6,4.443599569877796e-6,10.198979999783058,3.7217980307892657e-6,0.0011164977594872447,10.198979999783058,0.0019303927430296677,0.013004491050391065,10.198979999783058,7.92429573437501e-7,0.00023765768866264073,10.198979999783058,0.0373305495865159,0.2845726064044286,10.198979999783058,7.641094611651489e-10,5.0837230710332134e-8,10.198979999783058,7.652435400032198e-10,7.076165429187782e-8,10.198979999783058,7.924285089649548e-7,6.007756504336554e-7,10.150753768844222,7.851711508695803e-23,0.0
10.298969999779272,1.6119960058776086e-10,5.479528094543477e-8,10.298969999779272,0.003668089530622275,0.0156674768571741,10.298969999779272,0.0014373979122165364,0.0049091334266859665,10.298969999779272,1.9806916879675394e-6,2.0602875951532244e-6,10.298969999779272,2.9484757216958237e-6,0.0011257188854532833,10.298969999779272,0.0015571738904724079,0.011153532734891282,10.298969999779272,6.48729439287862e-7,0.0002468617088894799,10.298969999779272,0.034092160653977244,0.2409877974558934,10.298969999779272,7.180094731769769e-10,4.885883367829277e-8,10.298969999779272,7.195372695187687e-10,8.04002614343821e-8,10.298969999779272,6.487285210313175e-7,5.850537972975837e-7,10.251256281407036,1.0392388897492585e-22,0.0
10.398959999775487,2.0194670272576174e-10,5.6104994419696285e-8,10.398959999775487,0.004796658219092406,0.014548406006811733,10.398959999775487,0.0018675169637540248,0.004516922037093253,10.398959999775487,2.4737357809197566e-6,3.151639973044702e-6,10.398959999775487,3.738169920172681e-6,0.0011354011616952985,10.398959999775487,0.0019616999869227795,0.014104316431503689,10.398959999775487,8.415397009116523e-7,0.00025676267896856367,10.398959999775487,0.04124522674507081,0.336699538776204,10.398959999775487,7.495608713688271e-10,5.389177919730886e-8,10.398959999775487,7.502754157012234e-10,7.690224931540206e-8,10.398959999775487,8.415386558513583e-7,7.493599829114088e-7,10.35175879396985,8.327133075076846e-23,0.0
10.498949999771702,1.6107929357245148e-10,5.725918415840949e-8,10.498949999771702,0.0038281468859053297,0.015761687908893818,10.498949999771702,0.0014763254950025627,0.004917477891514091,10.498949999771702,1.8744586398508495e-6,3.3675460014200464e-6,10.498949999771702,2.8735834837927413e-6,0.001146202287957424,10.498949999771702,0.0015429375182259557,0.013039094213067558,10.498949999771702,6.69966823704191e-7,0.000266267361387807,10.498949999771702,0.03986810309522868,0.21596933869837776,10.498949999771702,7.561382111122193e-10,5.307094138456279e-8,10.498949999771702,7.577504355452681e-10,7.827489610996462e-8,10.498949999771702,6.699660016083929e-7,6.445683130969307e-7,10.452261306532664,3.662523455580927e-23,0.0
10.598939999767916,2.0290778971597014e-10,5.861044298558725e-8,10.598939999767916,0.005045496325306934,0.017980106525517542,10.598939999767916,0.001931427271048221,0.0054781862818868215,10.598939999767916,2.3538283257070933e-6,1.346381442846915e-6,10.598939999767916,3.6660611946563108e-6,0.0011589775022028547,10.598939999767916,0.0019650099456120125,0.012164106115609752,10.598939999767916,8.76292798952842e-7,0.00027686829571261476,10.598939999767916,0.0503873762172587,0.31328393006793515,10.598939999767916,8.827415277784012e-10,5.217850135291898e-8,10.598939999767916,8.840186284091358e-10,8.563336803369048e-8,10.598939999767916,8.762918406983103e-7,6.450556282790214e-7,10.552763819095478,3.437491720871962e-23,0.0
10.69892999976413,2.1222078606280787e-10,6.005208554226759e-8,10.69892999976413,0.005415433780271089,0.017054648480414596,10.69892999976413,0.0020563183795955895,0.005074038189768821,10.69892999976413,2.4031612332424403e-6,2.7157682959069866e-6,10.69892999976413,3.8039624951338053e-6,0.0011730353760022042,10.69892999976413,0.0020476173093538354,0.01455813845721115,10.69892999976413,9.339377976226439e-7,0.00028814646749347706,10.69892999976413,0.05422015745419201,0.33652767115629284,10.69892999976413,9.034087237731304e-10,5.630364471782281e-8,10.69892999976413,9.044781816915177e-10,8.476954634164002e-8,10.69892999976413,9.339368393797107e-7,7.054884181236407e-7,10.653266331658292,6.361594158397908e-23,0.0
10.798919999760345,2.1461786803224473e-10,6.127435637542849e-8,10.798919999760345,0.00560796721538434,0.017482942626078392,10.798919999760345,0.002111137066380917,0.005379107202581971,10.798919999760345,2.3640610474364047e-6,4.6319422308083885e-6,10.798919999760345,3.8047891774220223e-6,0.0011824178548646108,10.798919999760345,0.002062096662002899,0.014881261146504853,10.798919999760345,9.605366328363975e-7,0.000298658442449956,10.798919999760345,0.05842864599177442,0.31164133921306353,10.798919999760345,9.361701527106797e-10,5.8066748556926736e-8,10.798919999760345,9.372597089735302e-10,8.274165947792289e-8,10.798919999760345,9.60535636494723e-7,7.728927354026397e-7,10.753768844221106,2.279185222898002e-22,0.0
10.89890999975656,2.1021590249566376e-10,6.244227249105227e-8,10.89890999975656,0.005616635752952226,0.020127423535288576,10.89890999975656,0.002095084630367136,0.0060055346970511675,10.89890999975656,2.2461764823312045e-6,2.878219557919862e-6,10.89890999975656,3.6773046697256864e-6,0.001190399949851035,10.89890999975656,0.002011448713574531,0.014257235726421428,10.89890999975656,9.55612836484776e-7,0.0003091758095164627,10.89890999975656,0.06440595921183902,0.30865565750236673,10.89890999975656,9.812626080158882e-10,5.778870888659261e-8,10.89890999975656,9.82654198007059e-10,8.687628280910937e-8,10.89890999975656,9.556118695398297e-7,7.415422971428118e-7,10.85427135678392,2.111920222313064e-22,0.0
10.998899999752775,1.7218132712760713e-10,6.384264016919806e-8,10.998899999752775,0.004624949175254213,0.02133071989735357,10.998899999752775,0.0017080988073184583,0.006239149109832474,10.998899999752775,1.7516745930602109e-6,2.0304265781014925e-6,10.998899999752775,2.918200186021085e-6,0.0012023661923358684,10.998899999752775,0.0016191449218273632,0.013113441200209274,10.998899999752775,7.820188605732159e-7,0.00032108846350688985,10.998899999752775,0.06485827563856013,0.2948303115361633,10.998899999752775,8.981102718240972e-10,5.681648778236942e-8,10.998899999752775,8.998738798418596e-10,9.246309108941097e-8,10.998899999752775,7.820180454611384e-7,7.139294386406873e-7,10.954773869346734,1.415912384375275e-22,0.0
11.09888999974899,2.1703287727710731e-10,6.537206455232789e-8,11.09888999974899,0.0060864914834636045,0.022829015985894586,11.09888999974899,0.0022308622357335465,0.00665163778193679,11.09888999974899,2.1901845857989885e-6,1.5761373784515805e-6,11.09888999974899,3.7196648780856473e-6,0.0012146507641233105,11.09888999974899,0.002048621193057079,0.014413522170401852,11.09888999974899,1.017799961519412e-6,0.0003338797759359613,11.09888999974899,0.06416947086747089,0.3653772339606493,11.09888999974899,9.64360998540379e-10,5.9550372389971745e-8,11.09888999974899,9.653296352719678e-10,9.204408572447988e-8,11.09888999974899,1.0177991047392744e-6,9.354803846986374e-7,11.055276381909549,1.9590456562729422e-22,0.0
11.198879999745204,1.815281941994171e-10,6.666209807064027e-8,11.198879999745204,0.005145839727745629,0.021247047725046646,11.198879999745204,0.0018652903009211575,0.006142839957763344,11.198879999745204,1.7487146046679286e-6,1.76467314642446e-6,11.198879999745204,3.025251019261075e-6,0.0012268782382649254,11.198879999745204,0.001695445404610638,0.014485972740939575,11.198879999745204,8.55326620848034e-7,0.00034579228873136546,11.198879999745204,0.0806290706555927,0.45350095160930953,11.198879999745204,9.795830955062694e-10,6.049717385810537e-8,11.198879999745204,9.81353793507941e-10,9.328011364032533e-8,11.198879999745204,8.553258669650874e-7,7.110736645738852e-7,11.155778894472363,2.4725964375494273e-22,0.0
11.298869999741418,2.232419831730912e-10,6.802567730703661e-8,11.298869999741418,0.006602110822854205,0.022504531064195202,11.298869999741418,0.00237231218615011,0.006189184654084466,11.298869999741418,2.1251148536607244e-6,2.506446488220138e-6,11.298869999741418,3.7521005272931767e-6,0.0012384282851105029,11.298869999741418,0.002097491850065782,0.01593300324102036,11.298869999741418,1.0856905498628142e-6,0.00035830513632405226,11.298869999741418,0.08639668390577136,0.5972267027513456,11.298869999741418,1.1280337022892228e-9,6.205318494403242e-8,11.298869999741418,1.129396181700964e-9,9.518812936270304e-8,11.298869999741418,1.0856897447065065e-6,7.838710905840865e-7,11.256281407035177,2.4579460039566405e-22,0.0
11.398859999737633,2.279811491341338e-10,6.929509931762576e-8,11.398859999737633,0.006918920352245985,0.02363517579730298,11.398859999737633,0.002462657967434769,0.006378994415355501,11.398859999737633,2.105630651534797e-6,2.9641459033536188e-6,11.398859999737633,3.79628323610127e-6,0.0012450980139444223,11.398859999737633,0.002127187981733923,0.017053968755638114,11.398859999737633,1.1261289802215078e-6,0.00037060061377677594,11.398859999737633,0.07964745601893174,0.5972143081843997,11.398859999737633,1.124873668602468e-9,6.600525189799704e-8,11.398859999737633,1.1260316263637232e-9,9.602457540546445e-8,11.398859999737633,1.1261281778032356e-6,9.252314720960475e-7,11.35678391959799,4.372943716426763e-22,0.0
11.498849999733848,2.2931115788695258e-10,7.067398437729777e-8,11.498849999733848,0.007142297781694138,0.024669933173263322,11.498849999733848,0.002516640751886006,0.006556389368149513,11.498849999733848,2.0517530318439476e-6,3.0290118916184266e-6,11.498849999733848,3.7797791283933645e-6,0.0012559395168246792,11.498849999733848,0.0021272208079358996,0.0174110501756904,11.498849999733848,1.1506933120312936e-6,0.00038376520353104444,11.498849999733848,0.07799894033915145,0.657699756133769,11.498849999733848,1.1507396704607875e-9,6.73385954154104e-8,11.498849999733848,1.1518911532027319e-9,9.694712342004573e-8,11.498849999733848,1.1506925621120825e-6,9.726603991154273e-7,11.457286432160805,2.906847918216165e-22,0.0
11.598839999730062,2.330143960904535e-10,7.216921444553077e-8,11.598839999730062,0.007462830654234288,0.026242074783321984,11.598839999730062,0.0026015511397132754,0.006861548470129954,11.598839999730062,2.020273158476699e-6,2.7290663286575755e-6,11.598839999730062,3.805458251757694e-6,0.0012715224312233884,11.598839999730062,0.0021546510089324685,0.017293278880306847,11.598839999730062,1.1902306605321712e-6,0.00039788196042416847,11.598839999730062,0.09068741624899337,0.7777838779390465,11.598839999730062,1.2380407714564092e-9,6.732544993028778e-8,11.598839999730062,1.2393959098215586e-9,1.0073351647083879e-7,11.598839999730062,1.1902299199514849e-6,9.018315898124477e-7,11.557788944723619,2.079707547869177e-22,0.0
11.698829999726277,2.140795968487787e-10,7.355638048013315e-8,11.698829999726277,0.007001291943456318,0.027254777420567557,11.698829999726277,0.0024129219984998975,0.00715655556420697,11.698829999726277,1.782893365295401e-6,2.082039966225076e-6,11.698829999726277,3.436092673695235e-6,0.0012818156647996094,11.698829999726277,0.0019626169658305166,0.016306604633344195,11.698829999726277,1.1055215158053044e-6,0.0004117170776958364,11.698829999726277,0.11776799997209585,0.6758024856138406,11.698829999726277,1.2428773329820143e-9,6.659140776401654e-8,11.698829999726277,1.2446465579048628e-9,1.0235276212861515e-7,11.698829999726277,1.1055208352179684e-6,8.120943606054058e-7,11.658291457286433,1.3733425612195218e-22,0.0
11.798819999722491,2.1020997899172133e-10,7.498232361571095e-8,11.798819999722491,0.007019881553822099,0.029995820985417893,11.798819999722491,0.002397717590270397,0.008065739419466806,11.798819999722491,1.6855397847864416e-6,1.3188817547963199e-6,11.798819999722491,3.33163590336351e-6,0.0012924741739453061,11.798819999722491,0.001893316328392658,0.016198652883922752,11.798819999722491,1.0928860173380415e-6,0.00042611178992498617,11.798819999722491,0.14347993071797407,0.7226572752842394,11.798819999722491,1.0429757275057306e-9,6.776148807554e-8,11.798819999722491,1.0439039907593e-9,1.0440119048763778e-7,11.798819999722491,1.0928854173952337e-6,9.564178201686488e-7,11.758793969849247,8.182163977101889e-23,0.0
11.898809999718706,2.2829786589373932e-10,7.623823374285177e-8,11.898809999718706,0.007918380081590888,0.033048346141093095,11.898809999718706,0.0026701383717236834,0.008554209120789443,11.898809999718706,1.7818645993218736e-6,1.3235009283881574e-6,11.898809999718706,3.6090428437255373e-6,0.0013012379659653127,11.898809999718706,0.0020730306425417637,0.015832968613272807,11.898809999718706,1.2206845634068208e-6,0.00043969086296245444,11.898809999718706,0.12810398242644086,0.7078859349800586,11.898809999718706,1.3600155579228396e-9,6.754354443698803e-8,11.898809999718706,1.3618125809062826e-9,1.0897123001424723e-7,11.898809999718706,1.2206838912182951e-6,9.028365560577988e-7,11.859296482412061,1.036604372299141e-22,0.0
11.99879999971492,2.383645995825585e-10,7.768414074033606e-8,11.99879999971492,0.0085106332331145,0.037313621329623445,11.99879999971492,0.0028402486637841653,0.009645437279697487,11.99879999971492,1.7986087868497728e-6,3.494064135770213e-6,11.99879999971492,3.7425793176482447e-6,0.0013097674097186415,11.99879999971492,0.002146581963552123,0.01722214704922685,11.99879999971492,1.2939232913907464e-6,0.0004546978880495381,11.99879999971492,0.17353382082155525,1.3533943985047068,11.99879999971492,1.3366099912364538e-9,6.913034928197918e-8,11.99879999971492,1.3379866368870749e-9,1.1317792537334809e-7,11.99879999971492,1.2939227024377182e-6,1.2285665593740342e-6,11.959798994974875,3.7483621418007606e-23,0.0
12.098789999711135,2.1823057814361338e-10,7.90059085664859e-8,12.098789999711135,0.007944176035377778,0.03183821157221244,12.098789999711135,0.0026222967445259935,0.008255640240837595,12.098789999711135,1.5736528493552522e-6,3.952445346260987e-6,12.098789999711135,3.3674473130981768e-6,0.0013208192777605997,12.098789999711135,0.0019335822465007548,0.017852616910570822,12.098789999711135,1.1911512046350252e-6,0.0004694862207985064,12.098789999711135,0.1522766097813336,1.2492962396198797,12.098789999711135,1.1765062994064114e-9,7.272703182626089e-8,12.098789999711135,1.1776091871892191e-9,1.0641439965037446e-7,12.098789999711135,1.1911506365615092e-6,1.1147604980246804e-6,12.06030150753769,2.1614530899317398e-23,0.0
12.19877999970735,2.110810264887269e-10,8.063301784855001e-8,12.19877999970735,0.007880327579417238,0.03299392828598911,12.19877999970735,0.0025710368373510267,0.008103744415480561,12.19877999970735,1.4600127364109247e-6,2.9319091530477903e-6,12.19877999970735,3.2162566282339457e-6,0.0013347798499550553,12.19877999970735,0.001851207025298366,0.01906883006462601,12.19877999970735,1.1653489560742753e-6,0.00048624961390176223,12.19877999970735,0.19121644925313905,1.1915811086733128,12.19877999970735,1.143071932475617e-9,7.573014028636103e-8,12.19877999970735,1.1440875417617486e-9,1.0523660423964604e-7,12.19877999970735,1.165348464765971e-6,1.0400592042456525e-6,12.160804020100503,8.895495129944554e-23,0.0
12.298769999703564,2.284131730506819e-10,8.219545930074897e-8,12.298769999703564,0.008841924479640521,0.03926773021190934,12.298769999703564,0.0028488397564864166,0.009782951461944743,12.298769999703564,1.5285580735327224e-6,1.6552775911123098e-6,12.298769999703564,3.4698739612525254e-6,0.0013472934759360365,12.298769999703564,0.002004037922808497,0.01771194996230552,12.298769999703564,1.2897848265117196e-6,0.0005030445875940916,12.298769999703564,0.2309178050474222,1.9844829915711253,12.298769999703564,1.3140468819622265e-9,7.4021513812117e-8,12.298769999703564,1.3152121648791281e-9,1.139504623166311e-7,12.298769999703564,1.2897843109125096e-6,1.142514868203353e-6,12.261306532663317,1.3946222207094028e-22,0.0
12.398759999699779,2.508425966496218e-10,8.350724400432194e-8,12.398759999699779,0.010088334963959241,0.04534013324899299,12.398759999699779,0.0032076094350549965,0.01090937211916611,12.398759999699779,1.6236597763915418e-6,3.2702269356605286e-6,12.398759999699779,3.8024632783598696e-6,0.0013539078587481998,12.398759999699779,0.0022062030373019245,0.018937769034591448,12.398759999699779,1.4514927942866013e-6,0.0005184121895616536,12.398759999699779,0.25939351525389875,1.4475587695549244,12.398759999699779,1.5790745822103605e-9,7.624681698501881e-8,12.398759999699779,1.5806884774040728e-9,1.2044016644056408e-7,12.398759999699779,1.4514922589023271e-6,1.26553973119217e-6,12.361809045226131,3.937716584340621e-22,0.0
12.498749999695994,2.2352472861130957e-10,8.504797721555132e-8,12.498749999695994,0.009203687641571798,0.037282610101011235,12.498749999695994,0.0028853612719644266,0.008977217415473951,12.498749999695994,1.375691695332232e-6,3.2857756970517717e-6,12.498749999695994,3.3275976022270553e-6,0.0013679808478387794,12.498749999695994,0.0019453131987230714,0.01999246889475992,12.498749999695994,1.3060758870541086e-6,0.000535744344549072,12.498749999695994,0.28605069507340425,1.7673417215336538,12.498749999695994,1.5601136560616546e-9,7.948501798501923e-8,12.498749999695994,1.5622685545720985e-9,1.1145600610018034e-7,12.498749999695994,1.3060754339751465e-6,1.0275232663746056e-6,12.462311557788945,4.385096730531932e-22,0.0
12.598739999692208,2.476525579470766e-10,8.667479637049915e-8,12.598739999692208,0.010556415446779132,0.04817915699562789,12.598739999692208,0.003272643772048451,0.011441399643034355,12.598739999692208,1.467254760094889e-6,2.1634739404941904e-6,12.598739999692208,3.6798901401632787e-6,0.0013803071917640852,12.598739999692208,0.00214057030513434,0.019017592436750805,12.598739999692208,1.4719402486677435e-6,0.0005540802789995765,12.598739999692208,0.311953220588313,1.7014346392734474,12.598739999692208,1.582020266126543e-9,7.784763951296973e-8,12.598739999692208,1.5835656767781174e-9,1.200503347063698e-7,12.598739999692208,1.4719398300588693e-6,1.4073540906254955e-6,12.56281407035176,2.651536355178131e-22,0.0
12.698729999688423,1.93060437689345e-10,8.789034349420471e-8,12.698729999688423,0.008355009086032265,0.045503385808071624,12.698729999688423,0.00254894475189836,0.010440722500228821,12.698729999688423,1.072596190228981e-6,2.8166505525146376e-6,12.698729999688423,2.785399674253543e-6,0.001387117539976159,12.698729999688423,0.001639927370330956,0.019778997776657693,12.698729999688423,1.149155278771844e-6,0.0005698223081854833,12.698729999688423,0.33421308414454887,2.0338877426272086,12.698729999688423,1.4560941237452675e-9,8.04989573382558e-8,12.698729999688423,1.4584366975646704e-9,1.1817907341006508e-7,12.698729999688423,1.1491549252820952e-6,1.138660898028686e-6,12.663316582914574,1.6410114049905579e-22,0.0
12.798719999684637,2.395295916403442e-10,8.966459100835705e-8,12.798719999684637,0.010869449226799749,0.04986769208473398,12.798719999684637,0.0032749065074390528,0.010551419136906437,12.798719999684637,1.2905712576266828e-6,2.1442416843405324e-6,12.798719999684637,3.486868756646304e-6,0.0014022792412752684,12.798719999684637,0.002044653115734069,0.019642057511407452,12.798719999684637,1.4684442556918194e-6,0.0005895933720341759,12.798719999684637,0.3495884449243174,1.5162862248578732,12.798719999684637,1.7599234976730137e-9,8.06139349623036e-8,12.798719999684637,1.7620766657064953e-9,1.2345798981513915e-7,12.798719999684637,1.4684439042896088e-6,1.0715324761243708e-6,12.763819095477388,4.0987821037947587e-22,0.0
12.898709999680852,2.5159883463268494e-10,9.093774519218133e-8,12.898709999680852,0.01182059072548988,0.05495853675696494,12.898709999680852,0.003513407916956766,0.011969105241123965,12.898709999680852,1.293678461595864e-6,2.6763342623482492e-6,12.898709999680852,3.6424572856288748e-6,0.0014093151175498485,12.898709999680852,0.0021354106716521856,0.020522922661700936,12.898709999680852,1.5689271015851897e-6,0.0006064755439773807,12.898709999680852,0.3597074029332277,0.6509321882319752,12.898709999680852,1.861219172243042e-9,8.318429246792132e-8,12.898709999680852,1.86332577234859e-9,1.221296770077438e-7,12.898709999680852,1.5689267933040925e-6,1.207789512844332e-6,12.864321608040202,6.996903458513727e-22,0.0
12.998699999677067,2.4501353341864046e-10,9.273843271061866e-8,12.998699999677067,0.01187160431667347,0.0562845339184974,12.998699999677067,0.0034778158267693986,0.01138848737256166,12.998699999677067,1.1936039227529379e-6,2.169679273142664e-6,12.998699999677067,3.509078749945722e-6,0.0014241894052948205,12.998699999677067,0.0020608077761735876,0.020295528902173482,12.998699999677067,1.5479719216287885e-6,0.000627280541689797,12.998699999677067,0.3678728631772956,0.5184410947648789,12.998699999677067,1.874797700454741e-9,8.325678005242456e-8,12.998699999677067,1.876948733070078e-9,1.274698548757074e-7,12.998699999677067,1.5479716048205295e-6,1.1257143916063336e-6,12.964824120603016,7.541478586338351e-22,0.0
13.098689999673281,2.0438748812356892e-10,9.40232855412899e-8,13.098689999673281,0.010105939460316826,0.05742927630152549,13.098689999673281,0.002914547858857036,0.012105773689936167,13.098689999673281,9.300022791222856e-7,2.6081348918092766e-6,13.098689999673281,2.860249276107782e-6,0.0014309615636760738,13.098689999673281,0.0016880163467453517,0.021082595975521375,13.098689999673281,1.2946667889603601e-6,0.0006450677611505912,13.098689999673281,0.38887591878791866,1.2087619805238448,13.098689999673281,1.6639166388823862e-9,8.587460279282492e-8,13.098689999673281,1.6663282857886424e-9,1.2614812552961577e-7,13.098689999673281,1.2946665116712533e-6,1.2414478577660614e-6,13.06532663316583,7.256216055386306e-22,0.0
13.198679999669496,2.573954723781915e-10,9.588343876477042e-8,13.198679999669496,0.013322163817969053,0.06639730484521858,13.198679999669496,0.003797155261225428,0.01396544340746122,13.198679999669496,1.121668859035979e-6,2.3124862517362377e-6,13.198679999669496,3.63354961326875e-6,0.0014460431534532871,13.198679999669496,0.0021256552703484023,0.020505695165898966,13.198679999669496,1.6704052518591347e-6,0.000667251553848111,13.198679999669496,0.4554348660591228,1.6664916244674601,13.198679999669496,1.875576320055151e-9,8.571851076776023e-8,13.198679999669496,1.8772476986261705e-9,1.3199886676361111e-7,13.198679999669496,1.6704050109431056e-6,1.556680494549949e-6,13.165829145728644,1.0140366100725928e-21,0.0
13.29866999966571,2.4582166073895863e-10,9.73192944423553e-8,13.29866999966571,0.013167141792208407,0.05925327199221294,13.29866999966571,0.0036889169577951054,0.011997494916349487,13.29866999966571,1.0068941156551573e-6,3.038886082353916e-6,13.29866999966571,3.4307639362908134e-6,0.0014556184210121697,13.29866999966571,0.0020175968899454597,0.022628998888980865,13.29866999966571,1.6212005728331427e-6,0.0006865187605981755,13.29866999966571,0.5684002897437346,1.676506112845703,13.29866999966571,2.014447914489252e-9,9.047492656290026e-8,13.29866999966571,2.0167613132323317e-9,1.2730505432291882e-7,13.29866999966571,1.621200394184034e-6,1.2451743815070698e-6,13.266331658291458,7.667159667374258e-22,0.0
13.398659999661925,2.7104665876234173e-10,9.883523141484691e-8,13.398659999661925,0.015079482135998306,0.08187920359039483,13.398659999661925,0.004166867143050058,0.015814193973590678,13.398659999661925,1.0453626426029534e-6,3.2990173839677086e-6,13.398659999661925,3.7745097253147545e-6,0.0014631017483247497,13.398659999661925,0.0022102126665019227,0.021909738381675058,13.398659999661925,1.81717099312773e-6,0.0007068233730211887,13.398659999661925,0.6412394493343573,0.4934746370775038,13.398659999661925,2.1163189456016868e-9,8.820554202358159e-8,13.398659999661925,2.1182331160045074e-9,1.4083594703840135e-7,13.398659999661925,1.8171708072565708e-6,1.6522814521065319e-6,13.366834170854272,1.1829478264731674e-21,0.0
13.49864999965814,2.4236245542929377e-10,1.0059737231348945e-7,13.49864999965814,0.013823536423324309,0.07630377010556502,13.49864999965814,0.003764511925792488,0.014763895516794837,13.49864999965814,8.642298497755135e-7,1.930983803962475e-6,13.49864999965814,3.3199588539604016e-6,0.0014787697119500467,13.49864999965814,0.001940804440404877,0.02161452364113728,13.49864999965814,1.6300992923979867e-6,0.0007297158747665868,13.49864999965814,0.6025559842818049,1.3635042353336697,13.49864999965814,1.8224280667008315e-9,8.986728425685262e-8,13.49864999965814,1.8240769161578589e-9,1.378838825655438e-7,13.49864999965814,1.6300991532170523e-6,1.4349864581672007e-6,13.467336683417086,1.466548651780279e-21,0.0
13.598639999654354,2.2181711691929134e-10,1.020921995598823e-7,13.598639999654354,0.013001729856451903,0.07474721061146707,13.598639999654354,0.003486537897442575,0.01332093407793884,13.598639999654354,7.288479735102242e-7,2.4110293472809512e-6,13.598639999654354,2.9923003394269107e-6,0.0014882333883041304,13.598639999654354,0.0017479137601460555,0.02357951799210838,13.598639999654354,1.4999757985213995e-6,0.0007506969199916164,13.598639999654354,0.6628220442226146,1.7843664341029624,13.598639999654354,1.6481207486092547e-9,9.486856896605636e-8,13.598639999654354,1.649723750255935e-9,1.3318520988261453e-7,13.598639999654354,1.499975637563426e-6,1.3881666387082837e-6,13.5678391959799,1.4735920905890377e-21,0.0
13.698629999650569,2.336073526909121e-10,1.0350670838668333e-7,13.698629999650569,0.014256624339823405,0.0797388553042427,13.698629999650569,0.0037598544722065638,0.014782451475742104,13.698629999650569,7.119331429790728e-7,2.958699385804178e-6,13.698629999650569,3.138255376663808e-6,0.0014963794702912874,13.698629999650569,0.0018324526733002333,0.023020904191245195,13.698629999650569,1.6090484260194708e-6,0.000771610890887675,13.698629999650569,0.7126958114125274,0.9508681249071061,13.698629999650569,1.8042562775638632e-9,9.418679642478563e-8,13.698629999650569,1.805943380724156e-9,1.3832238893640503e-7,13.698629999650569,1.6090482707834936e-6,1.5210143697330152e-6,13.668341708542714,1.8088953583415826e-21,0.0
13.798619999646784,2.6871054112724537e-10,1.052162186986691e-7,13.798619999646784,0.017214055763626415,0.0989458601075417,13.798619999646784,0.004459765567560677,0.017758201225614223,13.798619999646784,7.602816927333477e-7,3.2739066027250887e-6,13.798619999646784,3.6182406818173356e-6,0.001508476950872217,13.798619999646784,0.002112802345515208,0.022177532177600892,13.798619999646784,1.9002555507175506e-6,0.000795237626725107,13.798619999646784,0.7584678285578403,0.9829870725936967,13.798619999646784,2.2344303790687176e-9,9.118987299720798e-8,13.798619999646784,2.2364354329943834e-9,1.4823393862242942e-7,13.798619999646784,1.9002553935545428e-6,1.8464244999964363e-6,13.768844221105528,2.090300343451064e-21,0.0
13.898609999642998,2.799203037783637e-10,1.0686478168502656e-7,13.898609999642998,0.018708599233971144,0.1087268313343457,13.898609999642998,0.004757367013487771,0.01804582866648004,13.898609999642998,7.249444510290029e-7,2.117090557175214e-6,13.898609999642998,3.7501549841975216e-6,0.0015202235810383197,13.898609999642998,0.002192633849202535,0.022364707724352336,13.898609999642998,2.019115298666874e-6,0.0008182025610958774,13.898609999642998,0.8659049823362136,1.7249690809045506,13.898609999642998,2.52352279356518e-9,9.317887394690916e-8,13.898609999642998,2.5260068785954893e-9,1.4932947582822959e-7,13.898609999642998,2.0191151511644314e-6,1.4975072929485764e-6,13.869346733668342,2.0680549329918874e-21,0.0
13.998599999639213,2.287456209160529e-10,1.0869859461712431e-7,13.998599999639213,0.015566951132211833,0.10680676640531837,13.998599999639213,0.0039016613202596407,0.017367397714054215,13.998599999639213,5.237797681703455e-7,1.804245301748512e-6,13.998599999639213,2.9952426569387754e-6,0.0015335097853653348,13.998599999639213,0.0017439276268664172,0.02335167114262147,13.998599999639213,1.6376847614598803e-6,0.0008437534391460746,13.998599999639213,0.934128513904423,1.6801215100861577,13.998599999639213,1.8649618719743023e-9,9.677159897363658e-8,13.998599999639213,1.8668664035646214e-9,1.48300431716588e-7,13.998599999639213,1.637684701035967e-6,1.490388220207212e-6,13.969849246231156,1.5214997240131776e-21,0.0
14.098589999635427,2.785063227376267e-10,1.1034616661594736e-7,14.098589999635427,0.020087005344509197,0.1187191783667576,14.098589999635427,0.004929123673625895,0.017680756049282695,14.098589999635427,5.806069073037931e-7,2.3926490963304055e-6,14.098589999635427,3.672223055078107e-6,0.0015447377978386697,14.098589999635427,0.002142616240592627,0.024231653317966048,14.098589999635427,2.0649477388222823e-6,0.000867831246685358,14.098589999635427,0.8292176123563143,0.9885543957460164,14.098589999635427,2.6395584762994307e-9,9.817461913614323e-8,14.098589999635427,2.6421874640859598e-9,1.504203248835362e-7,14.098589999635427,2.0649476333224445e-6,1.4835696569461687e-6,14.07035175879397,1.2716480634719358e-21,0.0
14.198579999631642,2.882048462105284e-10,1.1189410967887649e-7,14.198579999631642,0.02159703611829462,0.13006600770438465,14.198579999631642,0.0052111506504460324,0.018312974672282423,14.198579999631642,5.274068456422026e-7,3.114901272728833e-6,14.198579999631642,3.776383673191525e-6,0.0015513406889102535,14.198579999631642,0.0021954747617564333,0.026341513877662356,14.198579999631642,2.1632810223260616e-6,0.0008915927637538081,14.198579999631642,1.0188528577565374,0.8424808234907804,14.198579999631642,2.672786713383241e-9,1.0476514666101304e-7,14.198579999631642,2.6752010044322764e-9,1.493858653759564e-7,14.198579999631642,2.163280960091039e-6,1.8551604491264235e-6,14.170854271356784,8.814225050149897e-22,0.0
14.298569999627857,2.78084978556985e-10,1.1359705983862144e-7,14.298569999627857,0.02159769761287466,0.12606725244554362,14.298569999627857,0.005119064206543744,0.018748313230757877,14.298569999627857,4.3695200675614586e-7,3.0997147872694447e-6,14.298569999627857,3.606608987506627e-6,0.0015648593543652173,14.298569999627857,0.0020920115547171047,0.02603702731560598,14.298569999627857,2.107219423545958e-6,0.0009177999575120532,14.298569999627857,0.9847533200438512,1.5670740727691632,14.298569999627857,2.5714262383378913e-9,1.0569482330931028e-7,14.298569999627857,2.5737733135770664e-9,1.469656012993975e-7,14.298569999627857,2.1072193517482587e-6,1.9471557075141673e-6,14.271356783919598,8.571150400216236e-22,0.0
14.398559999624071,2.82393431579613e-10,1.1528441656242545e-7,14.398559999624071,0.022852982011823515,0.1395701540903946,14.398559999624071,0.005314672866851902,0.01966236153771346,14.398559999624071,3.7339870019803614e-7,3.1953010290979674e-6,14.398559999624071,3.6384338971576263e-6,0.0015758218441354237,14.398559999624071,0.00210674660572096,0.026388613918038154,14.398559999624071,2.17108833130693e-6,0.0009437698599697932,14.398559999624071,1.1696479006214193,1.5883543493490788,14.398559999624071,2.6766790293490712e-9,1.0727159922366864e-7,14.398559999624071,2.679143574683872e-9,1.4900398675950618e-7,14.398559999624071,2.171088291151908e-6,2.0331419453319697e-6,14.371859296482413,5.649496008908817e-22,0.0
14.498549999620286,2.9670193448623156e-10,1.1694655487627131e-7,14.498549999620286,0.025120568382681698,0.16633078755016098,14.498549999620286,0.005725408872873099,0.021078530430772256,14.498549999620286,3.2010580439988473e-7,2.9970767574646263e-6,14.498549999620286,3.8066010466634304e-6,0.0015844080640378651,14.498549999620286,0.002201349300838239,0.027269343063410518,14.498549999620286,2.322832429901108e-6,0.0009693393910584361,14.498549999620286,1.21309957746534,1.3923499237994783,14.498549999620286,2.9531502490162564e-9,1.0905848250845884e-7,14.498549999620286,2.9558641139585076e-9,1.5855224064792332e-7,14.498549999620286,2.3228323438021526e-6,1.8912904440456484e-6,14.472361809045227,5.721504847327871e-22,0.0
14.5985399996165,2.7621607317558936e-10,1.1877080696871946e-7,14.5985399996165,0.024334519207862254,0.17261375472462448,14.5985399996165,0.0054287501536500376,0.02178253517246507,14.5985399996165,2.2976632191263996e-7,2.2758039978830372e-6,14.5985399996165,3.50328871699754e-6,0.001599350492947627,14.5985399996165,0.0020263814488774836,0.025574843982805417,14.5985399996165,2.189102661467019e-6,0.0009975413673542746,14.5985399996165,1.1562668382199657,1.589604130882809,14.5985399996165,2.9257322913424517e-9,1.0521021124257726e-7,14.5985399996165,2.9287697832696996e-9,1.612743483277001e-7,14.5985399996165,2.1891025460093797e-6,1.6017780890774346e-6,14.57286432160804,2.8467845802644126e-22,0.0
14.698529999612715,2.693360740992521e-10,1.2049853684456793e-7,14.698529999612715,0.024552505208145795,0.17625426341192152,14.698529999612715,0.005387084241429528,0.023813429467153445,14.698529999612715,1.5267622470949645e-7,2.5676406776326466e-6,14.698529999612715,3.3820676137988337e-6,0.00161031406678925,14.698529999612715,0.0019451699362712693,0.025618222625438756,14.698529999612715,2.143880064137399e-6,0.001025715353458201,14.698529999612715,1.2748742610118107,1.383804278005516,14.698529999612715,2.6522025655763366e-9,1.0648100991333309e-7,14.698529999612715,2.6548013223375277e-9,1.6372312913586129e-7,14.698529999612715,2.1438799055193855e-6,1.8978429383340615e-6,14.673366834170855,4.1903572246236886e-22,0.0
14.79851999960893,2.783039684627896e-10,1.22015822752751e-7,14.79851999960893,0.026688144868227574,0.20841440478552495,14.79851999960893,0.0057165946971295045,0.025812592088947785,14.79851999960893,9.29604759390007e-8,2.235074913283908e-6,14.79851999960893,3.4793110115393013e-6,0.0016186590518807585,14.79851999960893,0.002002872773151815,0.025445929333096196,14.79851999960893,2.264974486413615e-6,0.0010516256269111574,14.79851999960893,1.1201962445225768,1.1557978434435676,14.79851999960893,3.0679588491354493e-9,1.0564396498789523e-7,14.79851999960893,3.071120925576248e-9,1.6863995982249267e-7,14.79851999960893,2.2649743242921137e-6,1.713460217686006e-6,14.773869346733669,2.1530088774521314e-22,0.0
14.898509999605144,3.0557311532080316e-10,1.236191851862904e-7,14.898509999605144,0.03066987762936061,0.23867540226754036,14.898509999605144,0.0064453853326542,0.02827692943017275,14.898509999605144,2.3902347832436865e-8,2.968586811932989e-6,14.898509999605144,3.8119956089956676e-6,0.001628064287869376,14.898509999605144,0.0021836967502489616,0.02748746282548191,14.898509999605144,2.5243755230120564e-6,0.001078868813513953,14.898509999605144,1.3413708534939681,1.821224669510978,14.898509999605144,3.3059788976827865e-9,1.1144557590687987e-7,14.898509999605144,3.309065877110125e-9,1.7217453315374957e-7,14.898509999605144,2.5243753443494234e-6,2.126908036006424e-6,14.874371859296483,2.226834768051955e-22,0.0
14.998499999601359,2.9834766085710824e-10,1.2529910385012022e-7,14.998499999601359,0.031185493598697163,0.2365538479129798,14.998499999601359,0.006421898091897218,0.02526716194866947,14.998499999601359,5.2383812660258226e-8,3.314243559371142e-6,14.998499999601359,3.688560812484452e-6,0.0016349225405561019,14.998499999601359,0.0021059527275801466,0.027671533099503008,14.998499999601359,2.48827505778123e-6,0.001107495269595346,14.998499999601359,1.295955873174226,1.5361511065370252,14.998499999601359,3.216976740244332e-9,1.1227382579595763e-7,14.998499999601359,3.220030224223392e-9,1.671239530241512e-7,14.998499999601359,2.4882748952518954e-6,2.475118528889633e-6,14.974874371859297,2.5515028456463656e-22,0.0
15.098489999597573,2.9950574857810054e-10,1.2735510320393533e-7,15.098489999597573,0.03273525307515687,0.2763631715503692,15.098489999597573,0.0065971023704583295,0.026759317073470887,15.098489999597573,1.2735697785287376e-7,3.3595895297905448e-6,15.098489999597573,3.6777656481642457e-6,0.0016525913961329573,15.098489999597573,0.0020937885215858852,0.02944843743739532,15.098489999597573,2.5306993155893676e-6,0.0011411437687967932,15.098489999597573,1.4355031638602176,1.6225723755943242,15.098489999597573,3.2914524591011715e-9,1.1796827684853754e-7,15.098489999597573,3.294583709950378e-9,1.6467292923680732e-7,15.098489999597573,2.530699115734266e-6,2.4255665831787503e-6,15.075376884422111,4.826332032322147e-22,0.0
15.198479999593788,3.1145313621390446e-10,1.292779388881222e-7,15.198479999593788,0.035740829589855,0.31355980463435007,15.198479999593788,0.007039610506655091,0.031608243264034545,15.198479999593788,2.0941566033906063e-7,3.1686822847887007e-6,15.198479999593788,3.8067554659181886e-6,0.0016634606903995733,15.198479999593788,0.0021618246633888327,0.02796987254284357,15.198479999593788,2.675581851088084e-6,0.0011721065060550226,15.198479999593788,1.4580159606451961,1.3578232921838564,15.198479999593788,3.5642170888107723e-9,1.1426878235352085e-7,15.198479999593788,3.567581768549203e-9,1.7820852492865428e-7,15.198479999593788,2.6755816427340904e-6,2.2096401656869216e-6,15.175879396984925,2.8741810880442356e-22,0.0
15.298469999590003,2.941760019857747e-10,1.3067780566191107e-7,15.298469999590003,0.03532937729778719,0.29422663899395446,15.298469999590003,0.006791276298666436,0.03075961254005514,15.298469999590003,2.6813265246775895e-7,2.323803559052072e-6,15.298469999590003,3.5600950512460834e-6,0.0016720337993079656,15.298469999590003,0.0020190234621607476,0.0286638752448156,15.298469999590003,2.559417470823519e-6,0.0011999981632576674,15.298469999590003,1.432503452204464,1.8632047552763356,15.298469999590003,3.5512483086872315e-9,1.1714749086123638e-7,15.298469999590003,3.5548430359028433e-9,1.7355467612542518e-7,15.298469999590003,2.5594172698437603e-6,1.9673185552519223e-6,15.27638190954774,2.070551714137934e-22,0.0
15.398459999586217,2.709740660686912e-10,1.3266604213376109e-7,15.398459999586217,0.03367555609150207,0.2912027364308399,15.398459999586217,0.006354056213485971,0.028975448038264347,15.398459999586217,3.173257001766789e-7,2.5027324504241953e-6,15.398459999586217,3.2370107431250676e-6,0.0016854586329914508,15.398459999586217,0.0018255208083610436,0.029662997639199898,15.398459999586217,2.3571813334517735e-6,0.0012341304181214688,15.398459999586217,1.531078209740932,1.407008190051136,15.398459999586217,3.046356288198155e-9,1.2165639148333286e-7,15.398459999586217,3.0495095107720435e-9,1.724360583294332e-7,15.398459999586217,2.3571811623456815e-6,2.1143286510379107e-6,15.376884422110553,2.157961876354289e-22,0.0
15.498449999582432,3.039894074360511e-10,1.3436075444676748e-7,15.498449999582432,0.04015204824144924,0.38348562379016987,15.498449999582432,0.007371319889357153,0.03528886190273508,15.498449999582432,4.293414821512224e-7,2.7674340831997694e-6,15.498449999582432,3.6354408694042256e-6,0.0016953119252030714,15.498449999582432,0.00204746186844139,0.027949923764389536,15.498449999582432,2.7162165885864746e-6,0.0012649493108647012,15.498449999582432,1.5274844090335136,1.3118690639547,15.498449999582432,3.794130641549831e-9,1.152924961754016e-7,15.498449999582432,3.7978214490870975e-9,1.8460946841996707e-7,15.498449999582432,2.7162163833428986e-6,2.004163548152168e-6,15.477386934673367,1.420525273170458e-22,0.0
15.598439999578646,3.154440432484706e-10,1.3597055055156515e-7,15.598439999578646,0.04363736673394855,0.41251209408157763,15.598439999578646,0.007840444889680073,0.03259163794899647,15.598439999578646,5.278572959950012e-7,2.7749091329779224e-6,15.598439999578646,3.7527760134577807e-6,0.0017010235678457896,15.598439999578646,0.002102932541668883,0.0301289982716562,15.598439999578646,2.8489318129284406e-6,0.0012957574272676527,15.598439999578646,1.4412971919438116,1.889689778930272,15.598439999578646,3.860153798297962e-9,1.212625320707026e-7,15.598439999578646,3.86367260217334e-9,1.8092713229432115e-7,15.598439999578646,2.8489315636301766e-6,2.6291425101517767e-6,15.577889447236181,1.8678042649065625e-22,0.0
15.698429999574861,2.923855151629361e-10,1.3820681451310368e-7,15.698429999574861,0.04218648300223676,0.3992788063193474,15.698429999574861,0.007408982853650652,0.036934773611756906,15.698429999574861,5.614314782430266e-7,3.210366430351997e-6,15.698429999574861,3.4396956456011876e-6,0.0017199695707248261,15.698429999574861,0.0019202055178319107,0.029044334201220608,15.698429999574861,2.656375895384245e-6,0.0013345540962692276,15.698429999574861,1.3210930825317408,1.6685062662547911,15.698429999574861,3.5455494974068813e-9,1.2075715303523421e-7,15.698429999574861,3.548974937024663e-9,1.8654984485892344e-7,15.698429999574861,2.656375688183344e-6,2.369744922216305e-6,15.678391959798995,1.2432816107001092e-22,0.0
15.798419999571076,2.8741392362845586e-10,1.396644359204441e-7,15.798419999571076,0.0435000125500913,0.3768871462409284,15.798419999571076,0.00745642737743415,0.034793620069325584,15.798419999571076,6.230904306312089e-7,2.135876578388544e-6,15.798419999571076,3.355460263491031e-6,0.0017263572944609116,15.798419999571076,0.0018664568652793743,0.03013022494195586,15.798419999571076,2.6399767783655993e-6,0.00136517754673336,15.798419999571076,1.4997572527487897,1.90988743870681,15.798419999571076,3.5325938948680405e-9,1.247200499059443e-7,15.798419999571076,3.5360823006474756e-9,1.848902549268257e-7,15.798419999571076,2.6399765850760515e-6,2.447309576397631e-6,15.77889447236181,1.7153489434472703e-22,0.0
15.89840999956729,3.1018846449651897e-10,1.4189087904767154e-7,15.89840999956729,0.049645247408921477,0.5832424852469502,15.89840999956729,0.008291519507627472,0.041630608123743466,15.89840999956729,7.516782601620785e-7,3.7536745041701537e-6,15.89840999956729,3.6140362690350047e-6,0.0017420836535660311,15.89840999956729,0.0020029771668692788,0.029623756446674053,15.89840999956729,2.9017041182323822e-6,0.0014042088368214297,15.89840999956729,1.598959754762578,1.4239301529661375,15.89840999956729,3.965801681974707e-9,1.2354765268207076e-7,15.89840999956729,3.969471294936256e-9,1.914360069678379e-7,15.89840999956729,2.9017039293862304e-6,2.7004482708695615e-6,15.879396984924623,2.219502665740158e-22,0.0
15.998399999563505,3.2774964691025043e-10,1.4358364109836585e-7,15.998399999563505,0.055521055761043714,0.6138511089997475,15.998399999563505,0.009021808972375655,0.038283349552391405,15.998399999563505,8.761635384638069e-7,2.14911105582286e-6,15.998399999563505,3.8063994917951645e-6,0.0017513819045541757,15.998399999563505,0.0021030105691466597,0.032232153733145974,15.998399999563505,3.1227150155904507e-6,0.0014369081572440981,15.998399999563505,1.6527339040006337,1.8202624993750482,15.998399999563505,4.414799614829811e-9,1.3096765871300419e-7,15.998399999563505,4.418669929125965e-9,1.869225310244245e-7,15.998399999563505,3.122714763291045e-6,2.4605300155773014e-6,15.979899497487438,1.4683387701341226e-22,0.0
16.09838999955972,2.619592712923719e-10,1.4530744847435328e-7,16.09838999955972,0.04639860563244243,0.5915568161080201,16.09838999955972,0.007319317830922892,0.04639324783634555,16.09838999955972,7.525562670276478e-7,2.6727861182528257e-6,16.09838999955972,2.9864540773920567e-6,0.0017609539141906876,16.09838999955972,0.001648965639363684,0.029967357275134745,16.09838999955972,2.508856836401504e-6,0.0014727870831789413,16.09838999955972,1.6644303066918584,1.4379130357954026,16.09838999955972,3.743319348130432e-9,1.2382109428623163e-7,16.09838999955972,3.747338479823275e-9,1.9849100674811217e-7,16.09838999955972,2.508856662041841e-6,2.2188937880486857e-6,16.08040201005025,9.210736202440144e-23,0.0
16.198379999555936,3.316517557023556e-10,1.4724211039950403e-7,16.198379999555936,0.06229590043784921,0.8569856971636677,16.198379999555936,0.009612781336250145,0.04659732927054937,16.198379999555936,1.0543236993135685e-6,3.1972846995316804e-6,16.198379999555936,3.804485439521922e-6,0.0017703860705652618,16.198379999555936,0.002084797095875035,0.03325600746416148,16.198379999555936,3.2365626161009803e-6,0.0015097909413687282,16.198379999555936,1.4569894213577883,1.634887356044259,16.198379999555936,4.590729505476129e-9,1.3531374816084846e-7,16.198379999555936,4.5947443838192086e-9,1.9686289470123806e-7,16.198379999555936,3.236562306051368e-6,2.6654066121396408e-6,16.180904522613066,3.315888883373792e-22,0.0
16.29836999955215,2.7979210712554645e-10,1.489025608967325e-7,16.29836999955215,0.05462099026014046,0.6064894415582948,16.29836999955215,0.008231462528963389,0.044539169087307956,16.29836999955215,9.540889737292852e-7,1.609711646496364e-6,16.29836999955215,3.1576792710167494e-6,0.0017812927200996222,16.29836999955215,0.0017230649899832651,0.03192476291305048,16.29836999955215,2.724733410899978e-6,0.0015463775310496784,16.29836999955215,1.6883166872682511,1.9942729439202262,16.29836999955215,3.739358296631182e-9,1.321762992532163e-7,16.29836999955215,3.74325659569893e-9,1.968632515529328e-7,16.29836999955215,2.7247332338493717e-6,2.5520126397485168e-6,16.281407035175878,1.1550936805883454e-22,0.0
16.398359999548365,2.6719679358340337e-10,1.5090942061517478e-7,16.398359999548365,0.05557822660786483,0.7387966373296646,16.398359999548365,0.008086314219068483,0.053773868002299365,16.398359999548365,9.67254352457045e-7,2.862948737963267e-6,16.398359999548365,2.9929516061590965e-6,0.001793814251312815,16.398359999548365,0.001632247720809809,0.031055442980831252,16.398359999548365,2.6575801944924333e-6,0.0015856388932760797,16.398359999548365,1.7034921526042397,1.8354634633996871,16.398359999548365,4.025523542313168e-9,1.2808020259162436e-7,16.398359999548365,4.029719096166611e-9,2.056268033466903e-7,16.398359999548365,2.6575800532300297e-6,2.3437661737958585e-6,16.381909547738694,1.8742225970990335e-22,0.0
16.49834999954458,2.8511794132906523e-10,1.530214703100974e-7,16.49834999954458,0.062813540336088,0.8543624123761003,16.49834999954458,0.008894035364374173,0.053418990108564386,16.49834999954458,1.1079908943612714e-6,2.3559200298006883e-6,16.49834999954458,3.185950489784324e-6,0.0018073355920599115,16.49834999954458,0.0017289103682025053,0.03224426990366795,16.49834999954458,2.8784111975629878e-6,0.0016268454324858568,16.49834999954458,1.7044485603825186,1.7924274951446477,16.49834999954458,4.3477614536890555e-9,1.3266526702396494e-7,16.49834999954458,4.351988743241559e-9,2.0525735365403681e-7,16.49834999954458,2.878411005201727e-6,2.303375901456146e-6,16.482412060301506,2.576923044759797e-22,0.0
16.598339999540794,2.6074555658398584e-10,1.5478760711859462e-7,16.598339999540794,0.060509423367530873,0.7997934482105926,16.598339999540794,0.00831855199926333,0.0502953523299986,16.598339999540794,1.0715189497840855e-6,1.9102845752037366e-6,16.598339999540794,2.88105599252784e-6,0.0018169361066448422,16.598339999540794,0.0015585109102558517,0.033897413974152954,16.598339999540794,2.6545304228784212e-6,0.0016655593515626564,16.598339999540794,1.5035493366125268,2.11545080996203,16.598339999540794,4.080632931553184e-9,1.39847389396666e-7,16.598339999540794,4.084867858009643e-9,2.0149318766097465e-7,16.598339999540794,2.65453035742763e-6,2.422856772245687e-6,16.582914572864322,2.8361801262472096e-22,0.0
16.69832999953701,3.020553215008406e-10,1.56438617740115e-7,16.69832999953701,0.07385091095496496,1.1930185730656553,16.69832999953701,0.009944893900571879,0.05356415520590781,16.69832999953701,1.3368713547042055e-6,1.5314717708196377e-6,16.69832999953701,3.341134808710025e-6,0.001825028728369221,16.69832999953701,0.0017926723819351393,0.03329336225359644,16.69832999953701,3.1029049222012934e-6,0.0017039686937323157,16.69832999953701,1.73162205225655,1.6653072925989265,16.69832999953701,4.409036552511341e-9,1.383136093712485e-7,16.69832999953701,4.4133543866106185e-9,2.0646316553482442e-7,16.69832999953701,3.1029047316317564e-6,2.870212236412071e-6,16.683417085427134,4.993428845951718e-22,0.0
16.798319999533224,3.4367558271377905e-10,1.5835517543040432e-7,16.798319999533224,0.09004140285520987,1.3404695647272091,16.798319999533224,0.01173391567710778,0.06748145645481873,16.798319999533224,1.6135816901234112e-6,2.582631226740472e-6,16.798319999533224,3.8061544041654703e-6,0.001836026131612557,16.798319999533224,0.0020341120161292635,0.0342593008611456,16.798319999533224,3.6145645669866736e-6,0.0017435448394192887,16.798319999533224,1.6822770782315872,1.4719254730011169,16.798319999533224,5.359758280184492e-9,1.398099489733297e-7,16.798319999533224,5.364178492562047e-9,2.12076455511852e-7,16.798319999533224,3.6145642728999243e-6,2.8692101327031567e-6,16.78391959798995,1.1758327108044233e-22,0.0
16.898309999529438,2.658781727952667e-10,1.604220634901448e-7,16.898309999529438,0.07212163892027317,1.251034547168546,16.898309999529438,0.009175287459338953,0.06938544893331304,16.898309999529438,1.3025108409909552e-6,2.9987876605752007e-6,16.898309999529438,2.8826799648490765e-6,0.0018485623213158585,16.898309999529438,0.0015338785046033168,0.032726552357190915,16.898309999529438,2.767939805943803e-6,0.0017882822215711512,16.898309999529438,1.6628960106765505,1.9573649494505543,16.898309999529438,3.9118391045065765e-9,1.3500774634179417e-7,16.898309999529438,3.916253835499153e-9,2.1788016517290505e-7,16.898309999529438,2.767939566132163e-6,2.681919935558477e-6,16.884422110552762,1.0153571616224776e-21,0.0
16.998299999525653,3.3411077452507713e-10,1.6235500062396317e-7,16.998299999525653,0.09839702935859541,1.258252681724838,16.998299999525653,0.012059784488828981,0.07438736384688623,16.998299999525653,1.733564073379346e-6,3.7604541444115017e-6,16.998299999525653,3.651470917748239e-6,0.0018595012351988842,16.998299999525653,0.0019354003577569537,0.033450320853009835,16.998299999525653,3.5990982444646573e-6,0.001830026402272962,16.998299999525653,1.7332702587734845,1.5239989168161536,16.998299999525653,5.470292463280245e-9,1.3650577845628369e-7,16.998299999525653,5.474865438642238e-9,2.2026970082425197e-7,16.998299999525653,3.59909788961938e-6,2.6527832842920114e-6,16.984924623115578,1.3826116285132807e-21,0.0
17.098289999521867,3.5001538352494756e-10,1.6460058792680174e-7,17.098289999521867,0.10927030283132566,1.809225318444947,17.098289999521867,0.013016175442065505,0.08077716735378104,17.098289999521867,1.9121036357520573e-6,4.583798414741876e-6,17.098289999521867,3.8101212824097192e-6,0.0018713505173278567,17.098289999521867,0.002008606909616688,0.03489003586730055,17.098289999521867,3.812345058453018e-6,0.001876453294092023,17.098289999521867,1.7215357466095484,1.987680510945582,17.098289999521867,5.71495139464013e-9,1.4222727652664222e-7,17.098289999521867,5.719685114735948e-9,2.234992904154438e-7,17.098289999521867,3.812344632128821e-6,3.1368832719718153e-6,17.08542713567839,1.3281356993415776e-21,0.0
17.198279999518082,3.473610687824088e-10,1.665608850466121e-7,17.198279999518082,0.11499240300162829,2.070970421345976,17.198279999518082,0.013288416072981394,0.08433709858327484,17.198279999518082,1.986598040436528e-6,4.942911060697414e-6,17.198279999518082,3.7576092711617593e-6,0.0018820298045139378,17.198279999518082,0.0019716227745421124,0.035354980091644436,17.198279999518082,3.822565163843153e-6,0.0019206148247012415,17.198279999518082,1.628540904364081,1.4268201897323132,17.198279999518082,5.7246085036336705e-9,1.4366047310344827e-7,17.198279999518082,5.7294027843207466e-9,2.2202633566805428e-7,17.198279999518082,3.822564697874723e-6,3.408343477834524e-6,17.185929648241206,9.10646129143988e-22,0.0
17.298269999514297,3.5328677058740123e-10,1.6850447824348303e-7,17.298269999514297,0.12452945954830975,1.814640366050646,17.298269999514297,0.013933631266764347,0.09008277890412798,17.298269999514297,2.1115409923224723e-6,4.816697478958893e-6,17.298269999514297,3.8030585474166476e-6,0.001893195421746426,17.298269999514297,0.001986487890269955,0.03566019420896285,17.298269999514297,3.939413836253576e-6,0.0019656893918673294,17.298269999514297,1.6772460234465947,1.167093240430255,17.298269999514297,5.964966906577452e-9,1.4519645247151412e-7,17.298269999514297,5.969834540798849e-9,2.2706579029315263e-7,17.298269999514297,3.939413347072359e-6,3.2936848729014405e-6,17.28643216080402,9.153496385698514e-22,0.0
17.39825999951051,3.4684354050223193e-10,1.7013892045884795e-7,17.39825999951051,0.1303655518481311,1.830277466984242,17.39825999951051,0.01409512115888687,0.09321732624595903,17.39825999951051,2.1571131174278225e-6,4.158113088096102e-6,17.39825999951051,3.7102525266419563e-6,0.0019032664061260482,17.39825999951051,0.0019302995301604918,0.034974815150657035,17.39825999951051,3.919524029995919e-6,0.002008199500027048,17.39825999951051,1.768421882791517,1.2619397535754586,17.39825999951051,6.0688112036296386e-9,1.420959101847409e-7,17.39825999951051,6.073498004855325e-9,2.3017423542110713e-7,17.39825999951051,3.919523578197108e-6,2.890101053890688e-6,17.386934673366834,2.7852740888216736e-21,0.0
17.498249999506726,2.6195236242790163e-10,1.7211071359402512e-7,17.498249999506726,0.10402365276259509,2.0123854527304506,17.498249999506726,0.010831604381729263,0.09627733981003327,17.498249999506726,1.6657079169773478e-6,3.5109385080635377e-6,17.498249999506726,2.7461241195113015e-6,0.0019143105890525602,17.498249999506726,0.0014265182003845957,0.035021790814504496,17.498249999506726,2.9673215564917964e-6,0.002055908649370936,17.498249999506726,1.7730697367863113,1.2054811555634644,17.498249999506726,4.7914622962893396e-9,1.4365769367350247e-7,17.498249999506726,4.795876529519868e-9,2.3252769256874133e-7,17.498249999506726,2.9673212895885253e-6,2.9001143239552807e-6,17.487437185929647,2.266620967905179e-21,0.0
17.59823999950294,3.5975214296105533e-10,1.7410743498188446e-7,17.59823999950294,0.15321522272556784,2.2598301055920937,17.59823999950294,0.015541188120228026,0.10838673575586202,17.59823999950294,2.428586759974335e-6,2.7044812142506683e-6,17.59823999950294,3.810046224408237e-6,0.0019229607486326828,17.59823999950294,0.0019624592375757158,0.03732544922441631,17.59823999950294,4.156260404222393e-6,0.0021020842217958436,17.59823999950294,1.7776174060875467,1.4952058025308246,17.59823999950294,6.411682543034659e-9,1.5203960947570023e-7,17.59823999950294,6.416762510422769e-9,2.367727610204706e-7,17.59823999950294,4.156259865860207e-6,3.5219972870510336e-6,17.587939698492463,1.81051479674237e-21,0.0
17.698229999499155,2.91503836206049e-10,1.75943773105465e-7,17.698229999499155,0.13002861485439585,1.5186346784694906,17.698229999499155,0.012818335116903732,0.09507303241699722,17.698229999499155,2.0272864006646713e-6,1.21293032844895e-6,17.698229999499155,3.0357297111912773e-6,0.0019347791067066164,17.698229999499155,0.0015567587712651458,0.03697692325767896,17.698229999499155,3.3501765944404856e-6,0.002150242310485765,17.698229999499155,1.7593696427914067,1.3751232386792656,17.698229999499155,5.017442469619498e-9,1.5355970715797286e-7,17.698229999499155,5.0228147609611905e-9,2.3156061143072929e-7,17.698229999499155,3.3501761669515325e-6,3.1819934797121132e-6,17.688442211055275,7.396554192248076e-22,0.0
17.79821999949537,3.1452171642327385e-10,1.7818810035294275e-7,17.79821999949537,0.15263134131133183,1.025904210021636,17.79821999949537,0.014398596254566067,0.09919108124109158,17.79821999949537,2.265661212116425e-6,1.6660330819131412e-6,17.79821999949537,3.2757445076861738e-6,0.0019483523248217784,17.79821999949537,0.001674421361995755,0.038332334611665436,17.79821999949537,3.7148090000249727e-6,0.0022013408068240602,17.79821999949537,1.6026692611957287,1.4420284435423223,17.79821999949537,5.979429471423774e-9,1.5883124114211982e-7,17.79821999949537,5.983931413116788e-9,2.3174893390391678e-7,17.79821999949537,3.7148084722551274e-6,2.9582677999349426e-6,17.78894472361809,1.548200395140866e-22,0.0
17.898209999491584,3.4124177095845214e-10,1.8034490738301189e-7,17.898209999491584,0.1772702501538405,0.8190469362834272,17.898209999491584,0.016175744237318768,0.11929432134879721,17.898209999491584,2.5581040602030643e-6,2.8388081098923606e-6,17.898209999491584,3.548116607670738e-6,0.001960645844876241,17.898209999491584,0.001803513554921993,0.037545254864525014,17.898209999491584,4.085657118965104e-6,0.00225239112231654,17.898209999491584,1.7223342957437886,2.0198990816062654,17.898209999491584,6.54702375191494e-9,1.5338830580429827e-7,17.898209999491584,6.551455234214014e-9,2.400200114092211e-7,17.898209999491584,4.085656484322522e-6,2.9952109390080677e-6,17.889447236180903,2.379974992546819e-22,0.0
17.9981999994878,3.3504584794390876e-10,1.8210729508977098e-7,17.9981999994878,0.18614919901706506,0.27206997977251746,17.9981999994878,0.0163891525035208,0.13097361653985728,17.9981999994878,2.5958157846036942e-6,4.27822319064503e-6,17.9981999994878,3.4625012657162986e-6,0.0019690167715562916,17.9981999994878,0.0017519517337448514,0.037152654783864945,17.9981999994878,4.056413881462433e-6,0.002300241753964703,17.9981999994878,1.7184606461493281,1.7211894612806093,17.9981999994878,6.554468728112821e-9,1.5089563237115628e-7,17.9981999994878,6.5585708945566105e-9,2.449631592806192e-7,17.9981999994878,4.056413224948194e-6,3.0772410592051445e-6,17.98994974874372,6.280967085446202e-23,0.0
18.098189999484013,2.8393505508418703e-10,1.8398522886117156e-7,18.098189999484013,0.16820418680260513,0.577943159505251,18.098189999484013,0.014244986412822147,0.12326044504496106,18.098189999484013,2.2509158478076475e-6,1.4440750749553749e-6,18.098189999484013,2.895118258435155e-6,0.001978674571165605,18.098189999484013,0.001460347232459678,0.03859196415811934,18.098189999484013,3.459158274039171e-6,0.002350891765819666,18.098189999484013,1.7404778198169466,1.8983647174062241,18.098189999484013,5.719409181470297e-9,1.5964366149773637e-7,18.098189999484013,5.722956640113588e-9,2.418442730594537e-7,18.098189999484013,3.4591577227135867e-6,3.2126900682408747e-6,18.09045226130653,2.991379318134061e-23,0.0
18.198179999480228,3.481538268496475e-10,1.8627007662954794e-7,18.198179999480228,0.22007121266602517,2.0547520761612588,18.198179999480228,0.01815029657886276,0.1308941952089925,18.198179999480228,2.892854197883473e-6,3.5603604934244876e-6,18.198179999480228,3.563238285811732e-6,0.001992556354747549,18.198179999480228,0.0017831095437585473,0.03948067465785566,18.198179999480228,4.286830581221933e-6,0.0024083416197085558,18.198179999480228,1.554326328968559,1.5433516592340242,18.198179999480228,6.736562870167923e-9,1.667740996004977e-7,18.198179999480228,6.741345220786384e-9,2.4098038129135174e-7,18.198179999480228,4.286829909818652e-6,3.947388874655918e-6,18.190954773869347,1.0007145870196867e-22,0.0
18.298169999476443,3.517926558522819e-10,1.8817146762502492e-7,18.298169999476443,0.24073821626489916,1.9368930275006297,18.298169999476443,0.01902385137914961,0.15878122461560867,18.298169999476443,3.0090208658929067e-6,4.655281874345874e-6,18.298169999476443,3.5868562320637155e-6,0.0020018289359107896,18.298169999476443,0.0017879843203332628,0.03835138771346669,18.298169999476443,4.412442012199144e-6,0.002457126559398161,18.298169999476443,1.7368976212681102,1.9266893955751982,18.298169999476443,7.2074889801627506e-9,1.550677901085026e-7,18.298169999476443,7.211155524384777e-9,2.524857360359966e-7,18.298169999476443,4.412441292794975e-6,3.271949159873892e-6,18.29145728643216,1.3005492330737485e-22,0.0
18.398159999472657,3.6046238215159745e-10,1.9001395029133595e-7,18.398159999472657,0.2628863481382436,2.0704235545474177,18.398159999472657,0.0201231188423879,0.1547121686977824,18.398159999472657,3.188529838991263e-6,4.696605321415577e-7,18.398159999472657,3.6569215549357356e-6,0.002011147492487185,18.398159999472657,0.0018122181056937441,0.039217829508136244,18.398159999472657,4.54899898785491e-6,0.00251220243154755,18.398159999472657,1.783477543861696,1.5822347255773617,18.398159999472657,7.257771415461485e-9,1.648475159589215e-7,18.398159999472657,7.2623563895256404e-9,2.489402961369246e-7,18.398159999472657,4.548998287220719e-6,4.456892494548758e-6,18.391959798994975,1.9465674748427913e-22,0.0
18.498149999468872,2.904140334934944e-10,1.924984974557567e-7,18.498149999468872,0.2236105385765285,0.4890662565476383,18.498149999468872,0.016561753467465197,0.16847610920116182,18.498149999468872,2.6238282712160272e-6,4.475746701440646e-6,18.498149999468872,2.8992189458134258e-6,0.0020265932787466674,18.498149999468872,0.001430839137776512,0.03941574210494241,18.498149999468872,3.649154854777846e-6,0.0025713800800207325,18.498149999468872,1.775412560363505,1.1065999218257219,18.498149999468872,5.715892795778377e-9,1.621943426074695e-7,18.498149999468872,5.72099595722206e-9,2.551595477354132e-7,18.498149999468872,3.649154336120094e-6,3.438113458636019e-6,18.492462311557787,1.5024511012634295e-22,0.0
18.598139999465086,3.017052783192352e-10,1.9414911545144206e-7,18.598139999465086,0.2555637732223469,1.132918067035014,18.598139999465086,0.017962920887006188,0.17063258038779566,18.598139999465086,2.794649622393615e-6,1.4441464067609304e-6,18.598139999465086,3.0087438578295767e-6,0.0020334490643850543,18.598139999465086,0.0014804361920359307,0.040493433824795616,18.598139999465086,3.899371996667097e-6,0.002621506109994007,18.598139999465086,1.7618033565819036,1.1678486452153338,18.598139999465086,6.580554366083581e-9,1.6732105055783254e-7,18.598139999465086,6.582827479548963e-9,2.5454573526345255e-7,18.598139999465086,3.899371381380658e-6,3.458437144286513e-6,18.592964824120603,2.590134766991595e-22,0.0
18.6981299994613,2.987400048230382e-10,1.9655406819783734e-7,18.6981299994613,0.272396666230203,1.7331685313351788,18.6981299994613,0.018409000216804913,0.19489331420410783,18.6981299994613,2.8441037194487907e-6,4.137567907485752e-6,18.6981299994613,2.962927401003498e-6,0.0020483507613282648,18.6981299994613,0.0014509647117795673,0.04033582332722085,18.6981299994613,3.903371702417074e-6,0.002683578069541101,18.6981299994613,1.7680468436579637,1.6979170544559277,18.6981299994613,6.627119236849457e-9,1.6517787098979045e-7,18.6981299994613,6.629017657375731e-9,2.600829389399465e-7,18.6981299994613,3.903371091090705e-6,3.4051886301045316e-6,18.693467336683415,2.419974127214671e-22,0.0
18.798119999457516,3.079180714936157e-10,1.9824704289995168e-7,18.798119999457516,0.2967841115905486,0.28016808873694254,18.798119999457516,0.01955552407450159,0.18859662748897227,18.798119999457516,3.034651567322982e-6,9.952803320133736e-7,18.798119999457516,3.0380072613774793e-6,0.00205534832352028,18.798119999457516,0.0014772110338966487,0.041031085492735764,18.798119999457516,4.015401488469247e-6,0.002736955128972492,18.798119999457516,1.7817340773410575,1.4511578539939538,18.798119999457516,6.42833474851399e-9,1.705199030791632e-7,18.798119999457516,6.433504423421784e-9,2.595095740483721e-7,18.798119999457516,4.015400895820709e-6,3.8020865897831323e-6,18.79396984924623,1.9149892870650626e-22,0.0
18.89810999945373,3.7765359413282574e-10,2.0080139882519455e-7,18.89810999945373,0.39917613958051695,1.8369456040697072,18.89810999945373,0.025144751938268154,0.2483729366897844,18.89810999945373,3.8506980682686e-6,6.7467566212930315e-6,18.89810999945373,3.744980527374521e-6,0.002067933233597156,18.89810999945373,0.0018109982830714821,0.0419114449791122,18.89810999945373,5.052353415109006e-6,0.0027985083944053178,18.89810999945373,1.765162206397106,1.1444538383996072,18.89810999945373,8.321130406285169e-9,1.6897830609577242e-7,18.89810999945373,8.325163349262173e-9,2.6482428814858266e-7,18.89810999945373,5.052352651646839e-6,4.5862668533892425e-6,18.894472361809044,1.0502947149310642e-22,0.0
18.998099999449945,3.4347113352580393e-10,2.0264899884102412e-7,18.998099999449945,0.3942165531963921,0.41243910317273713,18.998099999449945,0.023688595543421277,0.22398148308538035,18.998099999449945,3.5717347106025957e-6,1.8953338193437415e-6,18.998099999449945,3.3793254770345636e-6,0.0020797562898435774,18.998099999449945,0.001628634550515137,0.04285578111994084,18.998099999449945,4.659176485119185e-6,0.0028571953231851955,18.998099999449945,1.670577833696122,1.7392196829032551,18.998099999449945,7.93405696672636e-9,1.780924962186972e-7,18.998099999449945,7.935610377067725e-9,2.625818069916318e-7,18.998099999449945,4.6591758045191585e-6,3.6075853024422755e-6,18.99497487437186,2.1420022077128887e-22,0.0
19.09808999944616,3.811646172543508e-10,2.0463684554756993e-7,19.09808999944616,0.47012309056908563,2.2612690023304656,19.09808999944616,0.02730030551284155,0.2925751349890567,19.09808999944616,4.095168812979394e-6,4.385651649672508e-6,19.09808999944616,3.745714438625545e-6,0.0020864295031900104,19.09808999944616,0.0017936718570764492,0.041935247595507055,19.09808999944616,5.215311359177365e-6,0.0029139667653954385,19.09808999944616,1.5830309199452415,1.9559608171994278,19.09808999944616,8.682408252120861e-9,1.6980998952684605e-7,19.09808999944616,8.686325498613272e-9,2.7419089879855225e-7,19.09808999944616,5.2153105876217885e-6,4.837289163270962e-6,19.09547738693467,2.117397437459816e-22,0.0
19.198079999442374,3.1384691463135845e-10,2.0694452819956386e-7,19.198079999442374,0.41184412125897546,1.8431226818500646,19.198079999442374,0.023072335428735106,0.26444492479011966,19.198079999442374,3.4358676479580536e-6,5.33225338984201e-6,19.198079999442374,3.0421931634998805e-6,0.002103395462387205,19.198079999442374,0.0014505395543375353,0.041990986594531717,19.198079999442374,4.2823362560046585e-6,0.0029835198741898932,19.198079999442374,1.7573117515199204,1.1517141770347514,19.198079999442374,7.016253712428572e-9,1.7240874221655968e-7,19.198079999442374,7.021756564493521e-9,2.7271036794732606e-7,19.198079999442374,4.282335649343727e-6,3.936626657146374e-6,19.195979899497488,3.1995954751401206e-22,0.0
19.29806999943859,3.0622293777090006e-10,2.0887252184256615e-7,19.29806999943859,0.4444720584913583,1.759839243770736,19.29806999943859,0.023506360845329817,0.26993061583657824,19.29806999943859,3.4123262234094403e-6,2.397307137723211e-6,19.29806999943859,2.9567549090281253e-6,0.002112727794365646,19.29806999943859,0.0014058927082969423,0.04381577599465827,19.29806999943859,4.283395235262751e-6,0.0030428190444968407,19.29806999943859,1.7306454996469527,1.8444651897278315,19.29806999943859,7.480107179396115e-9,1.8294323090153665e-7,19.29806999943859,7.479780229403825e-9,2.7023790120679073e-7,19.29806999943859,4.283394624453446e-6,3.797240973476936e-6,19.2964824120603,1.4614874623893574e-22,0.0
19.398059999434803,3.1188718710116616e-10,2.1071572409635648e-7,19.398059999434803,0.4909865558735217,1.9616277175564298,19.398059999434803,0.024887321592245173,0.2940976291263193,19.398059999434803,3.564282568037068e-6,1.5943203163217075e-6,19.398059999434803,3.0007185944546426e-6,0.0021210957729063174,19.398059999434803,0.0014196164235706062,0.043521312414115824,19.398059999434803,4.414049406575585e-6,0.003102514329789039,19.398059999434803,1.5981436015251447,1.7193130927866056,19.398059999434803,7.735498096084146e-9,1.7958828570395498e-7,19.398059999434803,7.734822302159847e-9,2.7479310656719484e-7,19.398059999434803,4.414048789391526e-6,3.915398858681564e-6,19.396984924623116,5.212877251712079e-22,0.0
19.498049999431018,3.048346765579829e-10,2.1296274080343744e-7,19.498049999431018,0.5074556553660765,1.881319625821409,19.498049999431018,0.025054714870162236,0.32912990942790576,19.498049999431018,3.584175211648466e-6,5.104855850288857e-6,19.498049999431018,2.9104007325460968e-6,0.0021335046885240724,19.498049999431018,0.0013677637724897249,0.04248136482060868,19.498049999431018,4.287875214551157e-6,0.00317003885240644,19.498049999431018,1.771840128625256,1.6698728359205626,19.498049999431018,7.121727154894144e-9,1.7159095535783438e-7,19.498049999431018,7.127810101442015e-9,2.8218878717801303e-7,19.498049999431018,4.287874642963673e-6,4.122057938238626e-6,19.497487437185928,4.846510274016434e-22,0.0
19.598039999427233,3.8142685392183464e-10,2.1538382730973777e-7,19.598039999427233,0.7020095233366542,0.5795095462789166,19.598039999427233,0.03298833713989794,0.4143879039319075,19.598039999427233,4.625224228938089e-6,7.771786910428954e-6,19.598039999427233,3.6631468989093972e-6,0.002148114743586846,19.598039999427233,0.0017117409060107998,0.04349401937568061,19.598039999427233,5.5063314766887085e-6,0.003243580712589184,19.598039999427233,1.543411235309662,1.8580990191937694,19.598039999427233,9.379048433755828e-9,1.7765269649945114e-7,19.598039999427233,9.383212626391201e-9,2.830441011373104e-7,19.598039999427233,5.50633064387189e-6,5.300811919234342e-6,19.597989949748744,2.1121760978939738e-21,0.0
19.698029999423447,3.7428383100718594e-10,2.1744877363911466e-7,19.698029999423447,0.7559720914680177,1.8906817635146702,19.698029999423447,0.03374781958445352,0.41421738604606395,19.698029999423447,4.628952564280205e-6,4.37703263964917e-6,19.698029999423447,3.57937902018979e-6,0.0021577192904825965,19.698029999423447,0.001666000333869937,0.04449478095610754,19.698029999423447,5.494279443382637e-6,0.003303290586172641,19.698029999423447,1.7634695785426255,1.7768339801799566,19.698029999423447,9.6242350803423e-9,1.7983396777648276e-7,19.698029999423447,9.624229457115673e-9,2.8511912928514927e-7,19.698029999423447,5.4942785853346345e-6,4.029183783717785e-6,19.698492462311556,1.0631010414171226e-21,0.0
19.79801999941966,3.7561176213287383e-10,2.194277736069328e-7,19.79801999941966,0.8159203224596202,1.8490939942316924,19.79801999941966,0.03511409538433066,0.43415408851814097,19.79801999941966,4.764036625432862e-6,4.187338787514093e-6,19.79801999941966,3.573427515530676e-6,0.0021681026900975254,19.79801999941966,0.0016537010930894297,0.045302423231134765,19.79801999941966,5.533310192533237e-6,0.0033744565032347356,19.79801999941966,1.5190182939044543,1.9665090147082736,19.79801999941966,9.4973623633013e-9,1.9295586016468781e-7,19.79801999941966,9.501988230917933e-9,2.8225811282250295e-7,19.79801999941966,5.533309318961351e-6,5.129770487862174e-6,19.798994974874372,9.076098853641112e-22,0.0
19.898009999415876,3.0573914411214025e-10,2.2152582061295934e-7,19.898009999415876,0.7316058951149332,1.1938632490453394,19.898009999415876,0.029676520971734097,0.41296946463764445,19.898009999415876,3.911854363211388e-6,2.6734850160521338e-6,19.898009999415876,2.8758764397700267e-6,0.0021784966926423547,19.898009999415876,0.0013282906649973165,0.046068809081886014,19.898009999415876,4.570274929879666e-6,0.003439350992379728,19.898009999415876,1.7611285308501283,1.6887596289918914,19.898009999415876,8.218021311258631e-9,1.926499403897394e-7,19.898009999415876,8.214827765493376e-9,2.856288008713654e-7,19.898009999415876,4.5702742078376896e-6,4.183085389210328e-6,19.899497487437184,5.251527862897787e-22,0.0
19.99799999941209,3.655645363482904e-10,2.236350905373096e-7,19.99799999941209,0.9552007813684232,1.619013520123037,19.99799999941209,0.0371704671918559,0.47789517626820205,19.99799999941209,4.82413220030567e-6,2.1398104381315825e-6,19.99799999941209,3.4490770031616413e-6,0.0021892510912919936,19.99799999941209,0.001582659451727443,0.04673292416560749,19.99799999941209,5.54510867031915e-6,0.003507286435877406,19.99799999941209,1.6270926010118887,1.5096600008064878,19.99799999941209,9.887079575236884e-9,1.9416864630234466e-7,19.99799999941209,9.88546027712462e-9,2.882124564206084e-7,19.99799999941209,5.545107810274997e-6,4.222737270195504e-6,20.0,1.63349436138088e-22,0.0
